imob,imovel_url,codigo,nome,bairro,aluguel,condominio,area,quartos,banheiros,vaga_garagem,descricao,tipo_imov
c7234506476bbf0aff48eda764ff9eba,b823e53699bf2a9165aa40c0c4ed21a6,47a266070612202510b1dda757bd03e1,43dc77a7a63ce0a8eae7b04be364d2e9, CHACARA ANTONIETA,"R$1.000,00","

                    + Condomínio R$219,78 i
Valores sujeitos a alteração.

+ IPTU R$30,55
",70      M2,2,1,1,"Apartamento no bairro Chacara Antonieta contendo 02 dormitórios, sala com sacasa, cozinha banheiro, lavanderia e vaga para 01 carro.
70      M2
TERREO ANDAR TERREO
2       QUARTOS
1       SALA COM SACADA
1       COZINHA
1       BANHEIRO
1       LAVANDERIA
1       VAGA PARA CARRO
PISO CERÂMICO
TETO LAJE",apto
c7234506476bbf0aff48eda764ff9eba,3e3b84a7a1292a0e34c206899e253e01,c30dc1232b74da53fdf12534921ec21d,43dc77a7a63ce0a8eae7b04be364d2e9, CHACARA ANTONIETA,"R$650,00","

                    + Condomínio R$230,00 i
Valores sujeitos a alteração.

+ IPTU R$22,70
",48      M2,2,1,1,"Com localização próxima à Unicamp (FCA), este apartamento no 1º andar do Condomínio Imperial possui 02 dormitórios, sala, cozinha, banheiro, lavanderia e vaga para 01 carro.
48      M2
1º      ANDAR
2       QUARTOS
1       SALA
1       COZINHA
1       BANHEIRO
1       LAVANDERIA
1       VAGA PARA CARRO
PISO CERÂMICO
TETO LAJE
FAXINA EXTERNA
BICICLETÁRIO",apto
c7234506476bbf0aff48eda764ff9eba,a2f885c9aaed3fb5266457bb774745dd,1faca62d62e45809840336e864c501d3,43dc77a7a63ce0a8eae7b04be364d2e9, CHACARA ANTONIETA,"R$650,00","

                    + Condomínio R$230,00 i
Valores sujeitos a alteração.

+ IPTU R$22,70
",48      M2,2,1,1,"Com localização próxima à Unicamp (FCA), este apartamento no 2º andar do Condomínio Imperial possui 02 dormitórios, sala, cozinha, banheiro, lavanderia e vaga para 01 carro.
48      M2
2º      ANDAR
2       QUARTOS
1       SALA
1       COZINHA
1       BANHEIRO
1       LAVANDERIA
1       VAGA PARA CARRO
PISO CERÂMICO
TETO LAJE
FAXINA EXTERNA
BICICLETÁRIO",apto
c7234506476bbf0aff48eda764ff9eba,fa4a50b186a41bdf6a33b6d435e6a922,649bab7a6b00fddd621b7b5a47224e14,43dc77a7a63ce0a8eae7b04be364d2e9, CHACARA ANTONIETA,"R$650,00","

                    + Condomínio R$230,00 i
Valores sujeitos a alteração.

+ IPTU R$22,70
",48      M2,2,1,1,"Com localização próxima à Unicamp (FCA), este apartamento no 3º andar do Condomínio Imperial possui 02 dormitórios, sala, cozinha, banheiro, lavanderia e vaga para 01 carro.
48      M2
3º      ANDAR
2       QUARTOS
1       SALA
1       COZINHA
1       BANHEIRO
1       LAVANDERIA
1       VAGA PARA CARRO
PISO CERÂMICO
TETO LAJE
FAXINA EXTERNA
BICICLETÁRIO",apto
c7234506476bbf0aff48eda764ff9eba,58d8840272b5be4fcf2d7cfa1914e39e,4cc7d4741c002710a0ec42f1a3a6443e,43dc77a7a63ce0a8eae7b04be364d2e9, CHACARA ANTONIETA,"R$950,00","

                    + Condomínio R$291,25 i
Valores sujeitos a alteração.

+ IPTU R$31,00
",74      M2,2,1,1,"Apartamento localizado no 2º andar do condomínio Spazio Firenze com 02 dormitórios, sala, cozinha planejada, banheiro, lavanderia com armário e 01 vaga para carro, além da ótima localização o condomínio conta também com piscina, salão de festas e academia.
74      M2
2º      ANDAR
2       QUARTOS
1       SALA
1       COZINHA PLANEJADA
1       BANHEIRO
1       LAVANDERIA COM ARMÁRIO
1       ÁREA DE SERVIÇO
1       VAGA PARA CARRO
PISO CERÂMICO
TETO LAJE

PISCINA
ACADEMIA
SALÃO DE FESTAS C/CHURRASQUEIRA",apto
c7234506476bbf0aff48eda764ff9eba,27e664e2b043dd1c0ef03d3ab4c9c73e,5513e1e736b58cf17409e13028348540,43dc77a7a63ce0a8eae7b04be364d2e9, CIDADE UNIVERSITARIA,"R$1.050,00","

                    + Condomínio R$200,00 i
Valores sujeitos a alteração.

+ IPTU R$0,00
",69      M2,2,1,1,"Este apartamento de 69m² fica localizado na Cidade Universitária, pertinho da Univamp (FCA) e conta com 02 dormitórios, sala com sacada, cozinha com lavanderia integrada, banheiro e vaga para 01 carro.
69      M2
1º      ANDAR
2       QUARTOS
1       SALA COM SACADA
1       COZINHA
1       BANHEIRO
1       LAVANDERIA
1       VAGA PARA CARRO
PISO CERAMICO
TETO LAJE",apto
c7234506476bbf0aff48eda764ff9eba,320936a5606ff7ec6496220f19e663bd,1abe6d2fdcdf8f5c16ba9c9e6e4ea74d,43dc77a7a63ce0a8eae7b04be364d2e9, CIDADE UNIVERSITARIA,"R$1.000,00","

                    + Condomínio R$200,00 i
Valores sujeitos a alteração.

+ IPTU R$0,00
",69      M2,2,1,1,"Este apartamento de 69m² fica localizado na Cidade Universitária, pertinho da Univamp (FCA) e conta com 02 dormitórios, sala com sacada, cozinha com lavanderia integrada, banheiro e vaga para 01 carro.
69      M2
2       QUARTOS
1       SALA COM SACADA
1       COZINHA COM LAVANDERIA INTEGRADA
1       BANHEIRO
1       VAGA PARA CARRO
PISO CERAMICO
TETO LAJE",apto
c7234506476bbf0aff48eda764ff9eba,29ace84f1bc6a08a63e00e54c304a942,c69c62dc38d0ae6e4c52a0cc96b78b10,43dc77a7a63ce0a8eae7b04be364d2e9, CHACARA ANTONIETA,"R$1.100,00","

                    + Condomínio R$274,17 i
Valores sujeitos a alteração.

+ IPTU R$32,50
",65      M2,2,1,1,"Apartamento localizado no 1º andar do Residencial Mosaico, contendo 02 dormitórios, sala com sacada, cozinha com armário, lavanderia integrada, banheiro e 01 vaga para carro, além da área de lazer com piscina e salão de festas.
65      M2
1º      ANDAR
2       QUARTOS
1       SALA COM SACADA
1       COZINHA COM ARMÁRIO
1       BANHEIRO
1       LAVANDERIA
1       VAGA PARA CARRO
PISO CERAMICO
TETO LAJE
SALÃO DE FESTAS
PISCINA",apto
c7234506476bbf0aff48eda764ff9eba,4584fb707e421fc0634cef8f9be11254,b0adae4841fa14e7ecc1e27b2444c755,43dc77a7a63ce0a8eae7b04be364d2e9, CIDADE UNIVERSITARIA,"R$900,00","

                    + Condomínio R$150,00 i
Valores sujeitos a alteração.

+ IPTU R$0,00
",,2,1,1,"02 quartos, sala com sacada, cozinha com gabinete, banheiro com box e gabinete e lavanderia

63      M2
2       QUARTOS
1       SALA COM SACADA
1       COZINHA
1       BANHEIRO COM BOX
1       LAVANDERIA
1       VAGA PARA CARRO
PISO CERÂMICO
TETO LAJE",apto
c7234506476bbf0aff48eda764ff9eba,18963d5ab03f7766ac46339c62e1e50e,9015ae8f5752ae92b423e96edb96ae3b,43dc77a7a63ce0a8eae7b04be364d2e9, CHACARA ANTONIETA,"R$950,00","

                    + Condomínio R$308,91 i
Valores sujeitos a alteração.

+ IPTU R$0,00
",1º      ANDAR,2,1,1,"Apartamento localizado no bairro Chácara Antonieta contendo 02 quartos, sala, cozinha, banheiro, lavanderia e vaga para 01 carro.
1º      ANDAR
65      M2
2       QUARTOS
1       SALA
1       COZINHA
1       BANHEIRO
1       LAVANDERIA
1       VAGA PARA CARRO
PISO CERÂMICO
TETO LAJE",apto
c7234506476bbf0aff48eda764ff9eba,ea71ae49399706474fc047e157aaca27,86c18820df4da82695848d604931f67c,43dc77a7a63ce0a8eae7b04be364d2e9, CIDADE UNIVERSITARIA,"R$2.100,00","

                    + Condomínio R$0,00 i
Valores sujeitos a alteração.

+ IPTU R$92,50
",80      M2,2,1,1,"Lindo apartamento localizado na Cidade Universitária, em frente à portaria da Unicamp (FCA), contendo 02 dormitórios com armários e ar condicionado, sendo 01 deles uma bela suíte, sala ampla com painel, cozinha com armários, geladeira, cooktop e microondas, banheiro, quintal e garagem para 01 carro.Além da praticidade para o estudante, este apartamento também oferece conforto e segurança com cerca elétrica, portão eletronico e câmeras de monitoramento.
80      M2
1       QUARTO COM ARMÁRIO E AR CONDICIONADO
1       SUÍTE COM ARMÁRIO E AR CONDICIONADO
1       SALA COM PAINEL
1       COZINHA COM ARMÁRIO
1       BANHEIRO COM GABINETE
1       LAVANDERIA
QUINTAL
1       VAGA COBERTA PARA CARRO COM PORTÃO ELETRONICO
PISO PORCELANATO
TETO LAJE",apto
c7234506476bbf0aff48eda764ff9eba,2170b3e6521857eb1cbe287484499fec,d9e663c56f2d264d377c6a8708a84cdb,43dc77a7a63ce0a8eae7b04be364d2e9, CIDADE UNIVERSITARIA,"R$900,00","

                    + Condomínio R$203,00 i
Valores sujeitos a alteração.

+ IPTU R$0,00
",63      M2,2,1,1,"Apartamento localizado na Cidade Universitária, próximo à Faculdade Unicamp (FCA) contendo 02 dormitórios, sala com sacada, cozinha, banheiro com box, lavanderia e vaga para 01 carro.
63      M2
2       QUARTOS
1       SALA COM SACADA
1       COZINHA
1       BANHEIRO COM BOX
1       LAVANDERIA
1       VAGA PARA CARRO
PISO CERÂMICO
TETO LAJE",apto
c7234506476bbf0aff48eda764ff9eba,49101c18ce080407325fa88e09780b1f,31448937611355ff67e8c5f66e788a18,43dc77a7a63ce0a8eae7b04be364d2e9, CHACARA ANTONIETA,"R$1.300,00","

                    + Condomínio R$312,99 i
Valores sujeitos a alteração.

+ IPTU R$0,00
",66      M2,3,1,1,"Ótimo apartamento terreo localizado no Chacara Antonieta contendo 03 quartos sendo um deles suíte, sala, cozinha, banheiro social, área de serviço, quintal e garagem para 01 carro. Acabamento em piso cerâmico e laje
66      M2
TERREO ANDAR TÉRREO
2       QUARTOS
1       SUÍTE
1       SALA
1       COZINHA
1       BANHEIRO
VARANDA
1       ÁREA DE SERVIÇO
1       VAGA PARA CARRO
PISO CERAMICO
TETO LAJE
ÁREA GOURMET COM CHURRASQUEIRA
BRINQUEDOTECA
PISCINA
SALÃO DE FESTA
ACADEMIA
PLAYGROUND",apto
c7234506476bbf0aff48eda764ff9eba,57f45bfac4ca4674dd8e9aaf5960bf11,c36795832017b3fd7906b13be302df3c,43dc77a7a63ce0a8eae7b04be364d2e9, CHACARA ANTONIETA,"R$550,00","

                    + Condomínio R$207,00 i
Valores sujeitos a alteração.

+ IPTU R$18,90
",30      M2,1,1,1,"Apartamento bem arejado na Chacara Antonieta, contendo 01 quarto, sala e cozinha conjugados e banheiro.
30      M2
TERREO ANDAR TERREO
1       QUARTO
1       SALA CONJUGADA COM COZINHA
1       COZINHA
1       BANHEIRO
1       VAGA PARA CARRO
PISO CERÂMICO
TETO LAJE
FAXINA EXTERNA
BICICLETÁRIO",apto
c7234506476bbf0aff48eda764ff9eba,8f760f1b8d86dbed8ad3ec354555444f,e73692c0f13efc757b5a269e746429e9,43dc77a7a63ce0a8eae7b04be364d2e9, CHACARA ANTONIETA,"R$650,00","

                    + Condomínio R$230,00 i
Valores sujeitos a alteração.

+ IPTU R$22,70
",40      M2,2,1,1,"Apartamento localizado próximo à UNICAMP - FCA - contendo 02 dormitórios, sala, cozinha, banheiro, lavanderia e 01 vaga para carro.
40      M2
TERREO ANDAR TéRREO
2       QUARTOS
1       SALA
1       COZINHA
1       BANHEIRO
1       LAVANDERIA
1       VAGA PARA CARRO
PISO CERÂMICO
TETO LAJE
FAXINA EXTERNA
BICICLETÁRIO",apto
c7234506476bbf0aff48eda764ff9eba,f56c523d8201c97dcd2e4c64e7f5af7b,cffb4c0db870be56a7f32d2186892fdc,43dc77a7a63ce0a8eae7b04be364d2e9, CHACARA ANTONIETA,"R$2.500,00","

                    + Condomínio R$340,53 i
Valores sujeitos a alteração.

+ IPTU R$44,70
",98      M2,2,1,1,"Lindo apartamento localizado no Chacara Antonieta contendo 02 quartos com armários, ventiladores e TV, sala com móveis planejados e sacada, cozinha planejada com geladeira, fogão, forno e exaustor, banheiro social e lavanderia com armário e máquina de lavar. Acabamento em piso cerâmico e laje e vaga na garagem para 01 carro. Tudo isso em um condomínio completo e excelente.
98      M2
14º     ANDAR
2       QUARTOS COM ARMÁRIOS
1       SALA COM MÓVEIS PLANEJADOS
1       COZINHA PLANEJADA COM GELADEIRA, FOGÃO, FORNO E EXAUSTOR
1       BANHEIRO SOCIAL
1       LAVANDERIA COM ARMÁRIO
1       VAGA PARA CARRO
PISO CERÂMICO
TETO LAJE
ÁREA GOURMET COM CHURRASQUEIRA
BRINQUEDOTECA
PISCINA
SALÃO DE FESTA
ACADEMIA
PLAYGROUND",apto
c7234506476bbf0aff48eda764ff9eba,475b51cf4a3bf4f29cb2414680851193,57544d6162644c4cec89720f0d0fb27b,245d9e8bab947ecf1ee8867fe9597ab2, CIDADE UNIVERSITARIA,"R$1.000,00","

                    + Condomínio R$0,00 i
Valores sujeitos a alteração.

+ IPTU R$0,00
",35      M2,1,1,0,"Kitnet próxima à Unicamp (FCA) contendo quarto e sala conjugados, cozinha, banheiro e lavanderia. Este imóvel conta também com geladeira, fogão, escrivaninha, guarda-roupas e ar condicionado, pronto para moradia.
35      M2
1       QUARTO COM ARMARIO
1       SALA CONJUGADA COM O QUARTO
1       COZINHA
1       BANHEIRO
1       LAVANDERIA
PISO CERÂMICO
TETO LAJE",kitnet
c7234506476bbf0aff48eda764ff9eba,047b2a430e6e4409268af5251b53d3e1,b62fad32adf34709c628e9833d66b8df,245d9e8bab947ecf1ee8867fe9597ab2, CIDADE UNIVERSITARIA,"R$1.000,00","

                    + Condomínio R$0,00 i
Valores sujeitos a alteração.

+ IPTU R$0,00
",35      M2,1,1,0,"Kitnet próxima à Unicamp (FCA) contendo quarto e sala conjugados, cozinha, banheiro e lavanderia. Este imóvel conta também com geladeira, fogão, escrivaninha, guarda-roupas e ar condicionado, pronto para moradia.
35      M2
1       QUARTO COM ARMÁRIO
1       SALA COM RACK E AR CONDICIONADO
JARDIM DE INVERNO
1       COZINHA PLANEJADA COM GELADEIRA E FOGÃO COOKTOP
1       BANHEIRO
1       LAVANDERIA
PISO PORCELANATO
TETO LAJE",kitnet
c7234506476bbf0aff48eda764ff9eba,e3b2a519bc4e229ab0444cb144c3c407,2d7097bf091516c6952950802bd49019,245d9e8bab947ecf1ee8867fe9597ab2, CIDADE UNIVERSITARIA,"R$1.000,00","

                    + Condomínio R$0,00 i
Valores sujeitos a alteração.

+ IPTU R$0,00
",35      M2,1,1,0,"Kitnet próxima à Unicamp (FCA) contendo quarto e sala conjugados, cozinha, banheiro e lavanderia. Este imóvel conta também com geladeira, fogão, escrivaninha, guarda-roupas e ar condicionado, pronto para moradia.
35      M2
1       QUARTO  COM ARMÁRIO
1       SALA
1       COZINHA COM ARMÁRIO E GELADEIRA
1       BANHEIRO
PISO CERÂMICO
TETO LAJE",kitnet
c7234506476bbf0aff48eda764ff9eba,71edf6c4e8ad2dee47bf8c9b275c022a,12d0456fa8a537ce311abb5ea43c4b03,245d9e8bab947ecf1ee8867fe9597ab2, CIDADE UNIVERSITARIA,"R$1.000,00","

                    + Condomínio R$0,00 i
Valores sujeitos a alteração.

+ IPTU R$0,00
",35      M2,1,1,0,"Kitnet próxima à Unicamp (FCA) contendo quarto e sala conjugados, cozinha, banheiro e lavanderia. Este imóvel conta também com geladeira, fogão, escrivaninha, guarda-roupas e ar condicionado, pronto para moradia.
35      M2
1       QUARTO COM ARMARIO
1       SALA CONJUGADA COM QUARTO
1       COZINHA COM ARMARIO, FOGÃO COOKTOP E GELADEIRA
1       ÁREA DE SERVIÇO
PISO CERÂMICO
TETO LAJE",kitnet
c7234506476bbf0aff48eda764ff9eba,05e7bebf48892747e66c11ef7296eb5d,660f29bab4766650b9e3e62aae4f6730,245d9e8bab947ecf1ee8867fe9597ab2, CIDADE UNIVERSITARIA,"R$850,00","

                    + Condomínio R$0,00 i
Valores sujeitos a alteração.

+ IPTU R$0,00
",1       QUARTO CONJUGADO,1,1,0,"Kitinet próximo à Unicamp (FCA) sendo 01 quarto e cozinha conjugados, banheiro e área de serviço. O imóvel  possui: geladeira, cama, colchão, cortina black out, fogão, armário e conta também com cerca elétrica, interfone, cameras de monitoramento além de ter incluso em seu aluguel as despesas de água, energia e iptu.
1       QUARTO CONJUGADO
1       COZINHA CONJUGADO
1       BANHEIRO
1       ÁREA DE SERVIÇO
PISO CERÂMICO
TETO LAJE",kitnet
c7234506476bbf0aff48eda764ff9eba,ca7ac33e7c5914d2ddd0215d8d521c32,eccf80daef9939671bc11ac471171654,245d9e8bab947ecf1ee8867fe9597ab2, CIDADE UNIVERSITARIA,"R$1.000,00","

                    + Condomínio R$0,00 i
Valores sujeitos a alteração.

+ IPTU R$0,00
",1       QUARTO COM ARMARIO,1,1,0,"Kitnet próxima à Unicamp (FCA) contendo quarto e sala conjugados, cozinha, banheiro e lavanderia. Este imóvel conta também com geladeira, fogão, escrivaninha, guarda-roupas e ar condicionado, pronto para moradia.
1       QUARTO COM ARMARIO
1       SALA CONJUGADA COM O QUARTO
1       COZINHA COM ARMARIO
1       BANHEIRO
1       LAVANDERIA
PISO PORCELANATO
TETO LAJE",kitnet
c7234506476bbf0aff48eda764ff9eba,511baad99be047263db7465db31a3ed7,72d0a25bdc4aa78facc3b05f3b7dc2b9,245d9e8bab947ecf1ee8867fe9597ab2, CIDADE UNIVERSITARIA,"R$1.000,00","

                    + Condomínio R$0,00 i
Valores sujeitos a alteração.

+ IPTU R$0,00
",1       QUARTO CONJUGADO COM A SALA,1,1,0,"Kitnet próxima à Unicamp (FCA) contendo quarto e sala conjugados, cozinha, banheiro e lavanderia. Este imóvel conta também com geladeira, fogão, escrivaninha, guarda-roupas e ar condicionado, pronto para moradia.
1       QUARTO CONJUGADO COM A SALA
1       SALA
1       COZINHA
1       BANHEIRO
1       ÁREA DE SERVIÇO
PISO CERÂMICO
TETO LAJE",kitnet
c7234506476bbf0aff48eda764ff9eba,9319ce3912a380c17ae42b091066a9cf,adaf6dba40a3695184eea6bad00e96bf,245d9e8bab947ecf1ee8867fe9597ab2, CIDADE UNIVERSITARIA,"R$1.000,00","

                    + Condomínio R$0,00 i
Valores sujeitos a alteração.

+ IPTU R$0,00
",35      M2,1,1,0,"Kitnet próxima à Unicamp (FCA) contendo quarto e sala conjugados, cozinha, banheiro e lavanderia. Este imóvel conta também com geladeira, fogão, escrivaninha, guarda-roupas e ar condicionado, pronto para moradia.
35      M2
1       QUARTO COM ARMARIO
1       SALA CONJUGADA COM QUARTO
1       COZINHA COM ARMARIO
1       BANHEIRO
1       LAVANDERIA
PISO PORCELANATO
TETO LAJE",kitnet
c7234506476bbf0aff48eda764ff9eba,49ab02521c8bede05eb3461cc911c6eb,8621c612207ad3dbf1da43a0c56d6116,245d9e8bab947ecf1ee8867fe9597ab2, CIDADE UNIVERSITARIA,"R$1.000,00","

                    + Condomínio R$0,00 i
Valores sujeitos a alteração.

+ IPTU R$0,00
",35      M2,1,1,0,"Kitnet próxima à Unicamp (FCA) contendo quarto e sala conjugados, cozinha, banheiro e lavanderia. Este imóvel conta também com geladeira, fogão, escrivaninha, guarda-roupas e ar condicionado, pronto para moradia.
35      M2
1       QUARTO COM GUARDA ROUPA
1       SALA CONJUGADO
1       COZINHA COM ARMÁRIO, GELADEIRA E  FOGÃO COOKTOP
1       BANHEIRO
1       LAVANDERIA
QUINTAL
PISO PORCELANATO
TETO LAJE",kitnet
c7234506476bbf0aff48eda764ff9eba,f1b8547485008517962e2f8d88756643,75015c4a112141415b0d6da92bf03be7,245d9e8bab947ecf1ee8867fe9597ab2, CIDADE UNIVERSITARIA,"R$650,00","

                    + Condomínio R$0,00 i
Valores sujeitos a alteração.

+ IPTU R$0,00
",25      M2,1,1,0,"Kitinet localizada na Cidade Universitária próximo a Unicamp (FCA) contendo 01 quarto e cozinha conjugados, banheiro e lavanderia. Imóvel ainda conta com 01 sala de estudos de uso compartilhado na parte superior.
25      M2
1       QUARTO CONJUGADO COM COZINHA
1       BANHEIRO
1       LAVANDERIA
PISO PORCELANATO
TETO LAJE E GESSO",kitnet
c7234506476bbf0aff48eda764ff9eba,cddd5fd816c637af4e08b2a236697a48,17e432c6fd9c0be3a2cbf043f3bd8387,245d9e8bab947ecf1ee8867fe9597ab2, CIDADE UNIVERSITARIA,"R$750,00","

                    + Condomínio R$0,00 i
Valores sujeitos a alteração.

+ IPTU R$0,00
",1       QUARTO CONJUGADO COM COZINHA,1,1,0,"Kitinet localizada na Cidade Universitária próximo a Unicamp (FCA) contendo 01 quarto e cozinha conjugados, banheiro e lavanderia, imóvel também possui cama e micro-ondas.
1       QUARTO CONJUGADO COM COZINHA
1       BANHEIRO
1       LAVANDERIA
PISO PORCELANATO
TETO LAJE E GESSO",kitnet
c7234506476bbf0aff48eda764ff9eba,935b998aaf935a06844e6a6f55bc7668,2730887bcbe5319d9e3efaa18e0023cc,245d9e8bab947ecf1ee8867fe9597ab2, CIDADE UNIVERSITARIA,"R$1.000,00","

                    + Condomínio R$0,00 i
Valores sujeitos a alteração.

+ IPTU R$0,00
",35      M2,1,1,0,"Kitnet próximo à Unicamp (FCA) sendo quarto e sala conjugados, cozinha e área de serviço conjugados e banheiro. Este imóvel também possui: guarda-roupas, geladeira, fogão, armários e ar condicionado.
35      M2
1       QUARTO COM ARMARIO E AR CONDICIONADO
1       SALA CONJUGADA
1       COZINHA COM ARMARIO CONJUGADA
1       BANHEIRO
1       LAVANDERIA
PISO PORCELANATO
TETO LAJE",kitnet
c7234506476bbf0aff48eda764ff9eba,e034ef50a28d4f738a0bd4068f761724,a264ee68837c839ccf3a90ee71c91b41,245d9e8bab947ecf1ee8867fe9597ab2, CIDADE UNIVERSITARIA,"R$1.000,00","

                    + Condomínio R$0,00 i
Valores sujeitos a alteração.

+ IPTU R$0,00
",35      M2,1,1,0,"Kitnet próxima à Unicamp (FCA) contendo quarto e sala conjugados, cozinha, banheiro e lavanderia. Este imóvel conta também com geladeira, fogão, escrivaninha, guarda-roupas e ar condicionado, pronto para moradia.
35      M2
1       QUARTO COM ARMARIO E AR CONDICIONADO
1       SALA CONJUGADA
1       COZINHA CONJUGADA E COM ARMARIO
1       BANHEIRO
1       LAVANDERIA
PISO PORCELANATO
TETO LAJE",kitnet
c7234506476bbf0aff48eda764ff9eba,b49335b0656723e3a5f0e446190aca33,3a6973c5d2b2a8726c531a1693ea2ac1,245d9e8bab947ecf1ee8867fe9597ab2, CIDADE UNIVERSITARIA,"R$1.000,00","

                    + Condomínio R$0,00 i
Valores sujeitos a alteração.

+ IPTU R$0,00
",,1,1,0,"Kitnet próxima à Unicamp (FCA) contendo quarto e sala conjugados, cozinha, banheiro e lavanderia. Este imóvel conta também com geladeira, fogão, escrivaninha, guarda-roupas e ar condicionado, pronto para moradia.

35      M2
1       QUARTO COM ARMáRIO E AR CONDICIONADO
1       SALA CONJUGADA
1       COZINHA COM ARMARIO E CONJUGADA
1       BANHEIRO
1       LAVANDERIA
PISO PORCELANATO
TETO LAJE",kitnet
c7234506476bbf0aff48eda764ff9eba,ff827e86e926255a970c108652fd6e7d,7500856834d96bce86e5e6343d8ef15f,245d9e8bab947ecf1ee8867fe9597ab2, CIDADE UNIVERSITARIA,"R$1.000,00","

                    + Condomínio R$0,00 i
Valores sujeitos a alteração.

+ IPTU R$0,00
",35      M2,1,1,0,"Kitnet próxima à Unicamp (FCA) contendo quarto e sala conjugados, cozinha, banheiro e lavanderia. Este imóvel conta também com geladeira, fogão, escrivaninha, guarda-roupas e ar condicionado, pronto para moradia.
35      M2
1       QUARTO COM ARMÁRIO E AR CONDICIONADO
1       SALA CONJUGADA
1       COZINHA
1       BANHEIRO
1       LAVANDERIA
PISO PORCELANATO
TETO LAJE",kitnet
c7234506476bbf0aff48eda764ff9eba,dda61aebc6a92db74ac8194706b8d071,7de4e6131938592e7ad6673ca646092f,245d9e8bab947ecf1ee8867fe9597ab2, CIDADE UNIVERSITARIA,"R$1.000,00","

                    + Condomínio R$0,00 i
Valores sujeitos a alteração.

+ IPTU R$0,00
",35      M2,1,1,0,"Kitnet próxima à Unicamp (FCA) contendo quarto e sala conjugados, cozinha, banheiro e lavanderia. Este imóvel conta também com geladeira, fogão, escrivaninha, guarda-roupas e ar condicionado, pronto para moradia.
35      M2
1       QUARTO E SALA CONJUGADOS
1       COZINHA E AREA DE SERVIÇO CONJUGADOS
1       BANHEIRO
PISO CERÂMICO
TETO LAJE",kitnet
c7234506476bbf0aff48eda764ff9eba,fdc3e007e30b39592c7e0b25c154a6be,d41f3ff29acc315dd5302d634301606b,245d9e8bab947ecf1ee8867fe9597ab2, CIDADE UNIVERSITARIA,"R$1.000,00","

                    + Condomínio R$0,00 i
Valores sujeitos a alteração.

+ IPTU R$0,00
",35      M2,1,1,0,"Kitnet próximo à Unicamp (FCA) sendo quarto e sala conjugados, cozinha e área de serviço conjugados e banheiro. Este imóvel também possui: guarda-roupas, geladeira, fogão, armários e ar condicionado.
35      M2
1       QUARTO COM ARMARIO E AR CONDICIONADO
1       SALA CONJUGADA
1       COZINHA PLANEJADA
1       BANHEIRO
1       ÁREA DE SERVIÇO
PISO CERÂMICIO
TETO LAJE",kitnet
c7234506476bbf0aff48eda764ff9eba,a1821f50b18cd950131c1906d6fc2750,02ae405e9d8013cc5d033c272e2a800d,245d9e8bab947ecf1ee8867fe9597ab2, CIDADE UNIVERSITARIA,"R$1.000,00","

                    + Condomínio R$0,00 i
Valores sujeitos a alteração.

+ IPTU R$0,00
",35      M2,1,1,0,"Kitnet próxima à Unicamp (FCA) contendo quarto e sala conjugados, cozinha, banheiro e lavanderia. Este imóvel conta também com geladeira, fogão, escrivaninha, guarda-roupas e ar condicionado, pronto para moradia.
35      M2
1       QUARTO  COM ARMARIO
1       COZINHA COM ARMARIO, COOKTOP E GELADEIRA
1       BANHEIRO
1       ÁREA DE SERVIÇO CONJUGADA COM COZINHA
PISO CERÂMICO
TETO LAJE",kitnet
c7234506476bbf0aff48eda764ff9eba,25339b5751bc16c25b6bdca819691a40,361a537a61eaa8e33466a2a8bbe7c274,245d9e8bab947ecf1ee8867fe9597ab2, CIDADE UNIVERSITARIA,"R$1.000,00","

                    + Condomínio R$0,00 i
Valores sujeitos a alteração.

+ IPTU R$0,00
",,1,1,0,"Kitnet próxima à Unicamp (FCA) contendo quarto e sala conjugados, cozinha, banheiro e lavanderia. Este imóvel conta também com geladeira, fogão, escrivaninha, guarda-roupas e ar condicionado, pronto para moradia.

1       QUARTO CONJUGADO COM ARMARIO E AR CONDICIONADO
1       COZINHA PLANEJADA
1       BANHEIRO
1       LAVANDERIA
PISO CERÂMICO
TETO LAJE",kitnet
c7234506476bbf0aff48eda764ff9eba,8281ee9fcc5eba6b80e3975d7692515a,b3b477f0632310b03bde750706df4596,245d9e8bab947ecf1ee8867fe9597ab2, JD. PAULISTA,"R$950,00","

                    + Condomínio R$0,00 i
Valores sujeitos a alteração.

+ IPTU R$0,00
",16      M2,1,1,0,"Kitnet localizada próximo à Unicamp (FCA) contendo 01 dormitório com cama e guarda-roupas, cozinha com geladeira e microondas, lavanderia, banheiro e também conta com uma área de lazer com piscina e churrasqueira.
16      M2
1       QUARTO 01 CAMA BOX E GUARDA-ROUPA
1       COZINHA COM MICROONDAS E GELADEIRA
1       BANHEIRO
1       LAVANDERIA
AREA DE LAZER COM CHURRASQUEIRA E PISCINA
PISO CERÂMICO
TETO LAJE",kitnet
c7234506476bbf0aff48eda764ff9eba,8e473a9e7fa7f7b93db3ba5577666dc6,d7605883477939a58e52e551391d5dcb,245d9e8bab947ecf1ee8867fe9597ab2, JD. PAULISTA,"R$950,00","

                    + Condomínio R$0,00 i
Valores sujeitos a alteração.

+ IPTU R$0,00
",16      M2,1,1,0,"Kitnet localizada próximo à Unicamp (FCA) contendo 01 dormitório com cama e guarda-roupas, cozinha com geladeira e microondas, lavanderia, banheiro e também conta com uma área de lazer com piscina e churrasqueira
16      M2
1       QUARTO COM CAMA E GUARDA-ROUPAS
1       COZINHA COM GELADEIRA E MICROONDAS
1       BANHEIRO
1       LAVANDERIA
ÁREA DE LAZER COM PISCINA E CHURRASQUEIRA
PISO CERAMICO
TETO LAJE",kitnet
c7234506476bbf0aff48eda764ff9eba,be1cbf550c95dbf06e3701139d616ba0,7b17e06caa3474661e0d2ac8f44da80f,245d9e8bab947ecf1ee8867fe9597ab2, JD. PAULISTA,"R$950,00","

                    + Condomínio R$0,00 i
Valores sujeitos a alteração.

+ IPTU R$0,00
",1º      ANDAR,1,1,0,"Kitnet localizada próximo à Unicamp (FCA) contendo 01 dormitório com cama e guarda-roupas, cozinha com geladeira e microondas, lavanderia, banheiro e também conta com uma área de lazer com piscina e churrasqueira.
1º      ANDAR
16      M2
1       QUARTO COM SACADA, CAMA E GUARDA-ROUPAS
1       COZINHA COM MICROONDAS E GELADEIRA
1       BANHEIRO
1       LAVANDERIA
ÁREA DE LAZER COM PISCINA E CHURRASQUEIRA
PISO CERAMICO
TETO LAJE",kitnet
c7234506476bbf0aff48eda764ff9eba,a7affabe10894f70342ca87e0368e54a,6a079dd44e0e8cc401934fe33492d0bc,245d9e8bab947ecf1ee8867fe9597ab2, JD. PAULISTA,"R$950,00","

                    + Condomínio R$0,00 i
Valores sujeitos a alteração.

+ IPTU R$0,00
",16      M2,1,1,0,"Kitnet localizada próximo à Unicamp (FCA) contendo 01 dormitório com cama e guarda-roupas, cozinha com geladeira e microondas, lavanderia, banheiro e também conta com uma área de lazer com piscina e churrasqueira.
16      M2
1       QUARTO COM CAMA E GUARDA-ROUPAS
1       COZINHA COM GELADEIRA E MICROONDAS
1       BANHEIRO
1       LAVANDERIA
PISO CERAMICO
TETO LAJE",kitnet
c7234506476bbf0aff48eda764ff9eba,90957a71eee6dfd43838107af087e81d,74f4cf90ff8521e47f0acd347411dc9a,245d9e8bab947ecf1ee8867fe9597ab2, JD. PAULISTA,"R$950,00","

                    + Condomínio R$0,00 i
Valores sujeitos a alteração.

+ IPTU R$0,00
",16      M2,1,1,0,"Kitnet localizada próximo à Unicamp (FCA) contendo 01 dormitório com cama e guarda-roupas, cozinha com geladeira e microondas, lavanderia, banheiro e também conta com uma área de lazer com piscina e churrasqueira.
16      M2
1       QUARTO COM CAMA E GUARDA-ROUPAS
1       COZINHA COM GELADEIRA E MICROONDAS
1       BANHEIRO
1       LAVANDERIA
ÁREA DE LAZER COM PISCINA E CHURRASQUEIRA",kitnet
c7234506476bbf0aff48eda764ff9eba,903ea21d025b6ea56b5d7a7987f38096,ded7b202961dd5bb3fd74353a755c6de,245d9e8bab947ecf1ee8867fe9597ab2, CIDADE UNIVERSITARIA,"R$1.000,00","

                    + Condomínio R$100,00 i
Valores sujeitos a alteração.

+ IPTU R$0,00
",25      M2,1,1,1,"Apartamento localizado no Chacara Antonieta contendo quarto e sala conjugados com armário e painel de TV, cozinha planejada com geladeira e fogão, banheiro social, lavanderia e vaga na garagem para 01 carro com portão eletrônico. Acabamento em piso cerâmico e laje.
25      M2
1       QUARTO COM ARMÁRIO
1       SALA COM PAINEL DE TV
1       COZINHA PLANEJADA COM FOGÃO E GELADEIRA
1       LAVANDERIA
1       VAGA PARA CARRO COM PORTÃO ELETRÔNICO
PISO CERÂMICO
TETO LAJE",kitnet
c7234506476bbf0aff48eda764ff9eba,1bd77a2bcf0f3cc8fc2c81cc2911daa5,b2d83e2253d0695b33e339b8fdd48a94,245d9e8bab947ecf1ee8867fe9597ab2, JD. PAULISTA,"R$950,00","

                    + Condomínio R$0,00 i
Valores sujeitos a alteração.

+ IPTU R$0,00
",16      M2,1,1,0,"Kitinet medindo 16 m² próximo à Faculdade Unicamp, com quarto contendo box e guarda-roupas, cozinha com geladeira e microondas, banheiro e lavanderia. Além da área de lazer com piscina e churrasqueira.
16      M2
1       QUARTO COM BOX E GUARDA-ROUPAS
1       COZINHA COM GELADEIRA E MICROONDAS
1       BANHEIRO
1       LAVANDERIA
ÁREA DE LAZER COM PISCINA E CHURRASQUEIRA
PISO CERAMICO
TETO LAJE",kitnet
c7234506476bbf0aff48eda764ff9eba,6362b43002746f0bee53c83ad03f9e2a,3373dddda5f9ac40a77e24c56637bf1c,245d9e8bab947ecf1ee8867fe9597ab2, CIDADE UNIVERSITARIA,"R$800,00","

                    + Condomínio R$0,00 i
Valores sujeitos a alteração.

+ IPTU R$0,00
",1       QUARTO,1,1,0,"kitinet com ótima localização na Cidade universitária, contendo 01 quarto, cozinha e lavanderia conjugada e banheiro.
1       QUARTO
1       COZINHA
1       BANHEIRO
1       LAVANDERIA CONJUGADA
PISO CERÂMICO
TETO LAJE",kitnet
c7234506476bbf0aff48eda764ff9eba,04db3a5943cea6a860cee0b2229de54c,d9b2196d1832bd89cf68e3cf348b57ff,245d9e8bab947ecf1ee8867fe9597ab2, CIDADE UNIVERSITARIA,"R$700,00","

                    + Condomínio R$0,00 i
Valores sujeitos a alteração.

+ IPTU R$0,00
",1º      ANDAR,1,1,0,"Kitinet lcalizada no Cidade Universitária próximo a Unicamp contendo quarto e sala conjugados, cozinha com fogão cooktop e microondas, banheiro social com gabinete e box e lavanderia de uso coletivo. Acabamento em piso cerâmico e laje.
1º      ANDAR
30      M2
1       QUARTO CONJUGADO
1       SALA
1       COZINHA
1       BANHEIRO
1       LAVANDERIA COLETIVA
PISO CERÂMICO
TETO LAJE",kitnet
c7234506476bbf0aff48eda764ff9eba,c5301bfe70aaf0c3ee90244d0a090153,2666412f384c5ca7b49e8fcf544011db,245d9e8bab947ecf1ee8867fe9597ab2, CIDADE UNIVERSITARIA,"R$700,00","

                    + Condomínio R$0,00 i
Valores sujeitos a alteração.

+ IPTU R$0,00
",TERREO ANDAR TERREO,1,1,0,"Kitinet lcalizada no Cidade Universitária próximo a Unicamp contendo quarto e sala conjugados, cozinha com fogão cooktop, banheiro social com gabinete e box e lavanderia de uso coletivo. Acabamento em piso cerâmico e laje.
TERREO ANDAR TERREO
30      M2
1       QUARTO CONJUGADO
1       SALA
1       COZINHA
1       BANHEIRO
1       LAVANDERIA COLETIVA
PISO CERÂMICO
TETO LAJE",kitnet
c7234506476bbf0aff48eda764ff9eba,2968254817febd56ef454b2d2913db41,a61001168f67f6f3e2209ef429628d14,245d9e8bab947ecf1ee8867fe9597ab2, CIDADE UNIVERSITARIA,"R$1.000,00","

                    + Condomínio R$0,00 i
Valores sujeitos a alteração.

+ IPTU R$0,00
",40      M2,1,1,0,"Linda kitinet localizada no Cidade Universitária contendo 01 quarto com armário planejado, sala, cozinha planejada com fogão cooktop, banheiro e lavanderia com armário. Acabamento em piso cerâmico e laje
40      M2
1º      ANDAR
1       QUARTO COM ARMÁRIO
1       SALA
1       COZINHA PLANEJADA COM FOGÃO COOKTOP
1       BANHEIRO
1       LAVANDERIA COM ARMÁRIO
PISO CERÂMICO
TETO LAJE",kitnet
53dd1202c5ef8ce3878ffbd4b3c79bd2,c30bd4e5b67f15ef108cd5f4a4c426bb,83a41075cdc932e3c25515cf01c2774b,d19a1e5654340344ba70f89a5b65e0d7,Jardim Cidade Universitária I - Limeira/Sp,"R$ 1.100,00",0,0 m2,2,1,null,Sala ampla com sacada  Cozinha com gabinete WC com gabinete e box blindex Lavanderia. Garagem coberta Câmera de Monitoramento externo e interno Hall  Muro com cerca concertina Porta de acesso ao prédio com fechadura de segurança abertura externa somente com chave Portão eletrônico.,apto
53dd1202c5ef8ce3878ffbd4b3c79bd2,8cac590afc2e25b8a7de3cc1e2b456be,e9067175b444073f4bc8aee2ffa37a18,d19a1e5654340344ba70f89a5b65e0d7,Jardim Cidade Universitária I - Limeira/Sp,"R$ 1.100,00",0,0 m2,2,1,null,Sala ampla com sacada  Cozinha com gabinete WC com gabinete e box Blindex Lavanderia. Garagem conerta Câmera de Monitoramento externo e interno Hall  Muro com cerca concertina Porta de acesso ao prédio com fechadura de segurança abertura externa somente com chave Portão eletrônico.  Itens inclusos no aluguel Consumo de até 5 Kg de gás encanado Consumo de até 10 mtrs. cúbicos de água Consumo de energia  da área administrativa e da bomba de incêndio Faxina da área externa comum 1 vez por semana.,apto
53dd1202c5ef8ce3878ffbd4b3c79bd2,078f0fdfb7728cec730a574ed64b2b2d,1c275fe45a52f59318a217b001e8e3e4,c76bfea57e3a9b567fb9ff8224f6148e,Chácaras Antonieta - Limeira/Sp,"R$ 1.000,00","+ Condomínio R$ 240,00					                         ",69 m2,2,1,null,"Imóvel com sala, cozinha, banheiro social, dois dormitórios e área de serviço.",apto
53dd1202c5ef8ce3878ffbd4b3c79bd2,63b5d1bcc4c2d91ab7f432e5310e4666,1c8c858890b04f667665180848f4d514,d19a1e5654340344ba70f89a5b65e0d7,Jardim Cidade Universitária I - Limeira/Sp,"R$ 1.000,00","+ Condomínio R$ 200,00					                         ",0 m2,2,1,null,Em frente a portaria da Unicamp.   Sala ampla cm sacada.  Cozinha com gabinete. Wc com gabinete e box blindex. Lavanderia.  Garagem coberta. Câmeras de monitoramento externo e interno (hall). Porta de acesso ao prédio com fechadura de segurança ( abertura externa somente com chave). Muro com cerca concertina.  Portão eletrônico.   Itens inclusos no aluguel:  Consumo de até 5kg de gás encanado.  Consumo de até 10 metros cúbicos de água. Consumo de energia da área administrativa e da bomba de incêndio. Faxina de área comum uma vez por semana. ,apto
53dd1202c5ef8ce3878ffbd4b3c79bd2,ff7470af1624f7833b65751c6d59258f,d089053831a167d9626cbfe93554c734,f20845a3c2fc54218318ae1392141d40,Chácaras Antonieta - Limeira/Sp ,"R$ 950,00","+ Condomínio R$ 254,00					                         ",54 m2,2,1,null,"Imóvel com sala, cozinha com armários, dois dormitórios, área de serviço e garagem.",apto
53dd1202c5ef8ce3878ffbd4b3c79bd2,784c831f659c66f6f05c2417e5f0f894,56fee471b37b40222177c1ee9659f79b,401c39e1fbf291d56d805c55869ece7e,Jardim Cidade Universitária I - Limeira/Sp ,"R$ 950,00","+ Condomínio R$ 150,00					                         ",60 m2,2,1,null,Sala ampla com sacada; Cozinha com gabinete; WC com gabinete e box Blindex; Lavanderia. Garagem coberta; Câmera de Monitoramento externo e interno (Hall);  Muro com cerca concertina; Porta de acesso ao prédio com fechadura de segurança (abertura externa somente com chave); Portão eletrônico.  ITENS INCLUSOS NO ALUGUEL: Consumo de até 5 Kg de gás encanado; Consumo de até 10 Mtrs. cúbicos de água; Consumo de energia  da área administrativa e da bomba de incêndio; Faxina da área externa comum 1 vez por semana.,apto
53dd1202c5ef8ce3878ffbd4b3c79bd2,d80910ddbabf32d3b2ee32abc4ec605b,38d9264d17fadb6718d8260583ecb0c3,9b08abab5f3715b33adb89126f6f230f,Chácaras Antonieta - Limeira/Sp ,"R$ 900,00","+ Condomínio R$ 308,90					                         ",50 m2,2,1,null,"Imóvel com dois dormitórios, cozinha com armários, banheiro social, lavanderia com armários e sacada.",apto
53dd1202c5ef8ce3878ffbd4b3c79bd2,b9400af697828f6f574631110535b363,89ccc93d3d6d67b3172b18fe766172bf,c51df954133fe1551b78e16406205559,Chácaras Antonieta - Limeira/Sp ,"R$ 900,00","+ Condomínio R$ 258,00					                         ",0 m2,2,1,null,"Apartamento no bairro Chácara Antonieta contendo 2 dormitórios, sala, cozinha, wc social e vaga de garagem.",apto
53dd1202c5ef8ce3878ffbd4b3c79bd2,8502574bc2a2486075a60f600adb2e87,e97ad5cc09d0450607378e3ece9d9764,6c3e176f13e88fe40e98677c5e86deb3,Chácaras Antonieta - Limeira/Sp ,"R$ 900,00","+ Condomínio R$ 250,00					                         ",63 m2,2,1,null,"Apartamento com 02 dormitórios, sala, banheiro, cozinha, área de serviço e 02 vagas garagem coberta.",apto
53dd1202c5ef8ce3878ffbd4b3c79bd2,9999c0a0bd1e778e7e5b015340219224,20c31cb96bd6b058b71ba6d5c52e651c,f9a07b21cf4b6897f8c318d5b403901e,Jardim Cidade Universitária I - Limeira/Sp ,"R$ 850,00","+ Condomínio R$ 150,00					                         ",50 m2,2,1,null,"Imóvel com sala ampla com sacada; cozinha com gabinete, banheiro com gabinete e box, lavanderia e garagem coberta;",apto
53dd1202c5ef8ce3878ffbd4b3c79bd2,488108f44bfc6b7754a4902fc0e62723,12bb30501508504b0a9a8c9ad27d7038,9b08abab5f3715b33adb89126f6f230f,Chácaras Antonieta - Limeira/Sp ,"R$ 850,00","+ Condomínio R$ 308,00					                         ",50 m2,2,1,null,"Imóvel com dois dormitórios, sala, cozinha, área de serviço, banheiro social e sacada.",apto
53dd1202c5ef8ce3878ffbd4b3c79bd2,822f7b137f3d0ba807c90cf8a8c932d3,a8b47ec7d71aaf4298732b05e1c0ec8e,c51df954133fe1551b78e16406205559,Chácaras Antonieta - Limeira/Sp ,"R$ 800,00","+ Condomínio R$ 341,00					                         ",0 m2,2,1,null,"Apartamento com 2 dormitórios, 1 sala, cozinha com gabinete, mesa com cadeiras e banqueta e banheiro com box blindex.",apto
53dd1202c5ef8ce3878ffbd4b3c79bd2,4ac26a7b6f972d805094fc5d7872f9a3,71892c118fdb6dc0e94544eef59d98dc,117a1b3d91c268f5dcb635d477f1bc86,Chácaras Antonieta - Limeira/Sp ,"R$ 800,00","+ Condomínio R$ 339,80					                         ",65 m2,2,1,null,"Apartamento oferece 2 dormitórios com armários, banheiro com box, sala, cozinha com armário, área de serviço coberta e 1 vaga de garagem.",apto
53dd1202c5ef8ce3878ffbd4b3c79bd2,9be7b045a36a95487ebf07191980db3f,8f28c4d4b000a95b8567d5f26e165b89,f9a07b21cf4b6897f8c318d5b403901e,Jardim Cidade Universitária I - Limeira/Sp ,Sob consulta,0,50 m2,2,1,null,"Imóvel com sala, cozinha, banheiro com armário, dois dormitórios, área de serviço e sacada.",apto
53dd1202c5ef8ce3878ffbd4b3c79bd2,3347435de6b51feabbe9e0810f83f8f7,61e53291df106450037e9f28f9dddcfa,c51df954133fe1551b78e16406205559,Chácaras Antonieta - Limeira/Sp ,Sob consulta,0,0 m2,2,1,null,"Imóvel cozinha com armários, sala com painel, banheiro social com gabinete, dois dormitórios, sendo um com armário, área de serviço com armários, sacada e garagem.",apto
53dd1202c5ef8ce3878ffbd4b3c79bd2,60e196eccae3c45fc9216fab63a87711,b2e2da9941ad919b29960e9d36819f60,c51df954133fe1551b78e16406205559,Chácaras Antonieta - Limeira/Sp ,Sob consulta,0,0 m2,2,1,null,"Imóvel com sala, cozinha com armários, dois dormitórios com armários, banheiro social, área de serviço e sacada.",apto
53dd1202c5ef8ce3878ffbd4b3c79bd2,7036c7fb1bfa488ec3cf36c53a8094e3,39b7f0923fd82bb666ecc1a168848a28,0ef98b2b924d268967e63d0747a4bd65,Jardim Cidade Universitária I - Limeira/Sp,"R$ 1.050,00",0,0 m2,1,1,null,"Imóvel próximo à Unicamp e também com entrada pela Av Libertino Pizani, 177. Conta com sala  e cozinha conjugados, sendo a cozinha já mobiliada com gabinete, balcão, fogão e geladeira, lavanderia, dormitório com armário, mesa para estudos e ar condicionado, e o banheiro com gabinete e box blindex, além de interfone individual. No aluguel está incluso o consumo de água até 2.500L por pessoa, o consumo de gás, faxina quinzenal e consumo de energia da área comum e conta também com câmeras de monitoramento 24h (sem acesso remoto). O imóvel oferece também o ponto para internet, onde todo o cabeamento já está pronto. Ficando de responsabilidade do locatário a compra do roteador e pagamento do plano que melhor atenderá suas necessidades",kitnet
53dd1202c5ef8ce3878ffbd4b3c79bd2,bc551ab3987404ca6db1142eb1954c40,2f8542abf804d897430c0c9a84b1991e,0ef98b2b924d268967e63d0747a4bd65,Jardim Cidade Universitária I - Limeira/Sp,"R$ 1.050,00",0,0 m2,1,1,null,"Imóvel muito bem localizado! Conta com sala  e cozinha conjugados, sendo a cozinha já mobiliada com gabinete, balcão, fogão e geladeira, lavanderia, dormitório com armário, mesa para estudos e ar condicionado, e o banheiro com gabinete e box blindex, além de interfone individual. No aluguel está incluso o consumo de água até 2.500L por pessoa, o consumo de gás, faxina quinzenal e consumo de energia da área comum e conta também com câmeras de monitoramento 24h (sem acesso remoto).  O imóvel oferece também o ponto para internet, onde todo o cabeamento já está pronto. Ficando de responsabilidade do locatário a compra do roteador e pagamento do plano que melhor atenderá suas necessidades (10MB - R$ 59,90 // 15MB - 79,90 ou 20MB - R$ 99,90). A solicitação desses planos será também de responsabilidade do locatário e feito junto a empresa Net Vision, que permanecerão sempre à disposição diante de qualquer dúvida e/ou problema.  *** VALORES REFERENTE À INTERNET SUJEITOS A ALTERAÇÃO, SEM PREVIO AVISO, PELA EMPRESA RESPONSÁVEL.***",kitnet
53dd1202c5ef8ce3878ffbd4b3c79bd2,b3f8850fa40b0fe1573bab491166a0e7,7ef0dfe78be61f5fd8392d3948fb860c,0ef98b2b924d268967e63d0747a4bd65,Jardim Cidade Universitária I - Limeira/Sp,"R$ 1.050,00",0,0 m2,1,1,null,"Imóvel com: geladeira, fogão, gabinete e mesa na cozinha, interfone, um dormitório com armário e mesa, ar condicionado, banheiro com gabinete e persianas.",kitnet
53dd1202c5ef8ce3878ffbd4b3c79bd2,0fc6a848ea777d994497b7dcfd4f41b6,5416c9b0aba5eb43b419b107d3975a76,ca19a963cee27eb10567c5523549eeae,Jardim Cidade Universitária I - Limeira/Sp,"R$ 1.050,00",0,50 m2,1,1,null,Imóvel muito bem localizado Conta com sala  e cozinha conjugados sendo a cozinha já mobiliada com gabinete balcão fogão e geladeira lavanderia dormitório com armário mesa para estudos e ar condicionado e o banheiro com gabinete e box blindex além de interfone individual. No aluguel está incluso o consumo de água até 2.500L por pessoa o consumo de gás faxina quinzenal e consumo de energia da área comum e conta também com câmeras de monitoramento 24h sem acesso remoto.  O imóvel oferece também o ponto para internet onde todo o cabeamento já está pronto. Ficando de responsabilidade do locatário a compra do roteador e pagamento do plano que melhor atenderá suas necessidades 10MB - R 5990 // 15MB - 7990 ou 20MB - R 9990. A solicitação desses planos será também de responsabilidade do locatário e feito junto a empresa Net Vision que permanecerão sempre à disposição diante de qualquer dúvida e/ou problema.  VALORES REFERENTE À INTERNET SUJEITOS A ALTERAÇÃO SEM PREVIO AVISO PELA EMPRESA RESPONSÁVEL.,kitnet
53dd1202c5ef8ce3878ffbd4b3c79bd2,47f3e2bcb4dd9dcf4fc279b4c6e8542d,2c8c9e9121145fbc37ef67c0a5ea3869,0ef98b2b924d268967e63d0747a4bd65,Jardim Cidade Universitária I - Limeira/Sp,"R$ 1.050,00",0,0 m2,1,1,null,Imóvel muito bem localizado. Conta com sala  e cozinha conjugados sendo a cozinha já mobiliada com gabinete balcão fogão e geladeira lavanderia dormitório com armário mesa para estudos e ar condicionado e o banheiro com gabinete e box blindex além de interfone individual. No aluguel está incluso o consumo de água até 2.500L por pessoa o consumo de gás faxina quinzenal e consumo de energia da área comum e conta também com câmeras de monitoramento 24h sem acesso remoto.  O imóvel oferece também o ponto para internet onde todo o cabeamento já está pronto. Ficando de responsabilidade do locatário a compra do roteador e pagamento do plano que melhor atenderá suas necessidades 10MB - R 5990 // 15MB - 7990 ou 20MB - R 9990. A solicitação desses planos será também de responsabilidade do locatário e feito junto a empresa Net Vision que permanecerão sempre à disposição diante de qualquer dúvida e/ou problema.  VALORES REFERENTE À INTERNET SUJEITOS A ALTERÇÃO SEM PREVIO AVISO PELA EMPRESA RESPONSÁVEL.,kitnet
53dd1202c5ef8ce3878ffbd4b3c79bd2,661efea259a02fbecc519144173af7c6,66144e0bddee1c85b94bc338ecfae0fb,0ef98b2b924d268967e63d0747a4bd65,Jardim Cidade Universitária I - Limeira/Sp,"R$ 1.050,00",0,0 m2,1,1,null,"Imóvel muito bem localizado. Conta com sala e cozinha conjugados sendo a cozinha já mobiliada com gabinete, balcão, fogão e geladeira, lavanderia, dormitório com armário, mesa para estudos e ar condicionado, banheiro com gabinete e box blindex, interfone individual. No aluguel está incluso o consumo de água até 2.500L por pessoa o consumo de gás, faxina quinzenal e consumo de energia da área comum e conta também com câmeras de monitoramento 24h sem acesso remoto.  O imóvel oferece também o ponto para internet onde todo o cabeamento já está pronto. Ficando de responsabilidade do locatário a compra do roteador e pagamento do plano que melhor atenderá suas necessidades 10MB - R$ 59,90 // 15MB - R$ 79,90 ou 20MB - R$ 99,90. A solicitação desses planos será também de responsabilidade do locatário e feito junto a empresa Net Vision que permanecerão sempre à disposição diante de qualquer dúvida e/ou problema.  VALORES REFERENTE À INTERNET SUJEITOS A ALTERÇÃO SEM PRÉVIA, AVISO PELA EMPRESA RESPONSÁVEL.",kitnet
53dd1202c5ef8ce3878ffbd4b3c79bd2,ffc9ed096e4a0196fab30a6ab35e97c2,484d3f328baba48b8f789ddac04a86d8,0ef98b2b924d268967e63d0747a4bd65,Jardim Cidade Universitária I - Limeira/Sp,"R$ 1.050,00",0,0 m2,1,1,null,"Imóvel com sala  e cozinha conjugados, sendo a cozinha mobiliada com gabinete, balcão, fogão e geladeira, lavanderia, dormitório com armário, mesa para estudos e ar condicionado, e o banheiro com gabinete e box,  interfone individual.  No aluguel está incluso o consumo de água até 2.500L por pessoa, o consumo de gás, faxina quinzenal e consumo de energia da área comum e conta também com câmeras de monitoramento 24h (sem acesso remoto). O imóvel oferece também o ponto para internet, onde todo o cabeamento já está pronto. Ficando de responsabilidade do locatário a compra do roteador e pagamento do plano que melhor atenderá suas necessidades (10MB - R$ 59,90 // 15MB - 79,90 ou 20MB - R$ 99,90). A solicitação desses planos será também de responsabilidade do locatário e feito junto a empresa Net Vision, que permanecerão sempre à disposição diante de qualquer dúvida e/ou problema.  *** VALORES REFERENTE À INTERNET SUJEITOS A ALTERÇÃO, SEM PREVIO AVISO, PELA EMPRESA RESPONSÁVEL.***",kitnet
53dd1202c5ef8ce3878ffbd4b3c79bd2,9b38882af6421515d7c53345ac7ccb86,8dae04e0c3ca32298ab313770631283a,0ef98b2b924d268967e63d0747a4bd65,Jardim Cidade Universitária I - Limeira/Sp,"R$ 1.050,00",0,0 m2,1,1,null,"Imóvel muito bem localizado. Conta com sala e cozinha conjugados, sendo a cozinha já mobiliada com gabinete, balcão, fogão e geladeira, lavanderia, dormitório com armário, mesa para estudos e ar condicionado e o banheiro com gabinete e box blindex, além de interfone individual. No aluguel está incluso o consumo de água até 2.500L por pessoa, o consumo de gás, faxina quinzenal e consumo de energia da área comum, conta também com câmeras de monitoramento 24h sem acesso remoto.",kitnet
53dd1202c5ef8ce3878ffbd4b3c79bd2,12bb4f83851cdcf1957bfc13f6708814,76593fa9601827b4b1e32e91e2076188,0ef98b2b924d268967e63d0747a4bd65,Jardim Cidade Universitária I - Limeira/Sp,"R$ 1.050,00",0,0 m2,1,1,null,Imóvel muito bem localizado. Conta com sala  e cozinha conjugados sendo a cozinha já mobiliada com gabinete balcão fogão e geladeira lavanderia dormitório com armário mesa para estudos e ar condicionado e o banheiro com gabinete e box blindex além de interfone individual. No aluguel está incluso o consumo de água até 2.500L por pessoa o consumo de gás faxina quinzenal e consumo de energia da área comum e conta também com câmeras de monitoramento 24h sem acesso remoto.  O imóvel oferece também o ponto para internet onde todo o cabeamento já está pronto. Ficando de responsabilidade do locatário a compra do roteador e pagamento do plano que melhor atenderá suas necessidades 10MB - R 5990 // 15MB - 7990 ou 20MB - R 9990. A solicitação desses planos será também de responsabilidade do locatário e feito junto a empresa Net Vision que permanecerão sempre à disposição diante de qualquer dúvida e/ou problema.  VALORES REFERENTE À INTERNET SUJEITOS A ALTERÇÃO SEM PREVIO AVISO PELA EMPRESA RESPONSÁVEL.,kitnet
53dd1202c5ef8ce3878ffbd4b3c79bd2,e1e7d02b953ca1917c3882d23299d48b,facc793b46ad4ca374ce1fd9b573d59e,0ef98b2b924d268967e63d0747a4bd65,Jardim Cidade Universitária I - Limeira/Sp,"R$ 1.050,00",0,0 m2,1,1,null,"Imóvel muito bem localizado! Conta com sala e cozinha conjugados, sendo a cozinha já mobiliada com gabinete, balcão, fogão e geladeira, área de serviço, dormitório com armário, mesa para estudos e ar condicionado, e o banheiro com gabinete e box de vidro, além de interfone individual. No aluguel está incluso o consumo de água até 2.500L por pessoa, o consumo de gás, faxina quinzenal e consumo de energia da área comum e conta também com câmeras de monitoramento 24h (sem acesso remoto).  O imóvel oferece também o ponto para internet, onde todo o cabeamento já está pronto. Ficando de responsabilidade do locatário a compra do roteador e pagamento do plano que melhor atenderá suas necessidades (10MB - R$ 59,90 // 15MB - 79,90 ou 20MB - R$ 99,90). A solicitação desses planos será também de responsabilidade do locatário e feito junto a empresa Net Vision, que permanecerão sempre à disposição diante de qualquer dúvida e/ou problema. . VALORES REFERENTE À INTERNET SUJEITOS A ALTERÇÃO, SEM PREVIO AVISO, PELA EMPRESA RESPONSÁVEL",kitnet
53dd1202c5ef8ce3878ffbd4b3c79bd2,cbc00cf39a4ba1d5a3eb93078b0e9374,f35ab38d7e2c5a4b5e0a009ccc32d452,0ef98b2b924d268967e63d0747a4bd65,Jardim Cidade Universitária I - Limeira/Sp,"R$ 1.050,00",0,0 m2,1,1,null,Imóvel novo 1 locação próximo à Unicamp e também com entrada pela Av Libertino Pizani 177. Conta com sala  e cozinha conjugados sendo a cozinha já mobiliada com gabinete balcão fogão e geladeira lavanderia dormitório com armário mesa para estudos e ar condicionado e o banheiro com gabinete e box blindex além de interfone individual. No aluguel está incluso o consumo de água até 2.500L por pessoa o consumo de gás faxina quinzenal e consumo de energia da área comum e conta também com câmeras de monitoramento 24h sem acesso remoto. O imóvel oferece também o ponto para internet onde todo o cabeamento já está pronto. Ficando de responsabilidade do locatário a compra do roteador e pagamento do plano que melhor atenderá suas necessidades 10MB - R 5990 // 15MB - 7990 ou 20MB - R 9990. A solicitação desses planos será também de responsabilidade do locatário e feito junto a empresa Net Vision que permanecerão sempre à disposição diante de qualquer dúvida e/ou problema.  VALORES REFERENTE À INTERNET SUJEITOS A ALTERÇÃO SEM PREVIO AVISO PELA EMPRESA RESPONSÁVEL.,kitnet
53dd1202c5ef8ce3878ffbd4b3c79bd2,e5e92a16d98846302886b0d14b3320c7,c42857333ce48605664427a5dbb10ad3,0ef98b2b924d268967e63d0747a4bd65,Jardim Cidade Universitária I - Limeira/Sp,"R$ 1.050,00",0,0 m2,1,1,null,"Imóvel muito bem localizado. Conta com sala e cozinha conjugados sendo a cozinha já mobiliada com gabinete, balcão, fogão e geladeira, lavanderia, dormitório com armário, mesa para estudos e ar condicionado, banheiro com gabinete e box blindex, interfone individual. No aluguel está incluso o consumo de água até 2.500L por pessoa o consumo de gás, faxina quinzenal e consumo de energia da área comum e conta também com câmeras de monitoramento 24h sem acesso remoto.  O imóvel oferece também o ponto para internet onde todo o cabeamento já está pronto. Ficando de responsabilidade do locatário a compra do roteador e pagamento do plano que melhor atenderá suas necessidades 10MB - R$ 59,90 // 15MB - R$ 79,90 ou 20MB - R$ 99,90. A solicitação desses planos será também de responsabilidade do locatário e feito junto a empresa Net Vision que permanecerão sempre à disposição diante de qualquer dúvida e/ou problema.  VALORES REFERENTE À INTERNET SUJEITOS A ALTERÇÃO SEM PRÉVIA,  AVISO PELA EMPRESA RESPONSÁVEL.",kitnet
53dd1202c5ef8ce3878ffbd4b3c79bd2,aa9ded31478cfc9f963a66ac6e72cd3c,0bec22f95dda4bc6548e30e004f81d89,0ef98b2b924d268967e63d0747a4bd65,Jardim Cidade Universitária I - Limeira/Sp,"R$ 1.050,00",0,0 m2,1,1,null,"Imóvel muito bem localizado! Conta com sala  e cozinha conjugados, sendo a cozinha já mobiliada com gabinete, balcão, fogão e geladeira, lavanderia, dormitório com armário, mesa para estudos e ar condicionado, e o banheiro com gabinete e box blindex, além de interfone individual. No aluguel está incluso o consumo de água até 2.500L por pessoa, o consumo de gás, faxina quinzenal e consumo de energia da área comum e conta também com câmeras de monitoramento 24h (sem acesso remoto).  O imóvel oferece também o ponto para internet, onde todo o cabeamento já está pronto. Ficando de responsabilidade do locatário a compra do roteador e pagamento do plano que melhor atenderá suas necessidades (10MB - R$ 59,90 // 15MB - 79,90 ou 20MB - R$ 99,90). A solicitação desses planos será também de responsabilidade do locatário e feito junto a empresa Net Vision, que permanecerão sempre à disposição diante de qualquer dúvida e/ou problema.  VALORES REFERENTE À INTERNET SUJEITOS A ALTERÇÃO, SEM PREVIO AVISO, PELA EMPRESA RESPONSÁVEL.",kitnet
53dd1202c5ef8ce3878ffbd4b3c79bd2,6419ebbdbfeb9a733e671876bde9ab42,475644c10a484e1b4248c595e8b15d78,0ef98b2b924d268967e63d0747a4bd65,Jardim Cidade Universitária I - Limeira/Sp,"R$ 1.050,00",0,0 m2,1,1,null,"Imóvel muito bem localizado! Conta com sala  e cozinha conjugados, sendo a cozinha já mobiliada com gabinete, balcão, fogão e geladeira, lavanderia, dormitório com armário, mesa para estudos e ar condicionado, e o banheiro com gabinete e box blindex, além de interfone individual. No aluguel está incluso o consumo de água até 2.500L por pessoa, o consumo de gás, faxina quinzenal e consumo de energia da área comum e conta também com câmeras de monitoramento 24h (sem acesso remoto).  O imóvel oferece também o ponto para internet, onde todo o cabeamento já está pronto. Ficando de responsabilidade do locatário a compra do roteador e pagamento do plano que melhor atenderá suas necessidades (10MB - R$ 59,90 // 15MB - 79,90 ou 20MB - R$ 99,90). A solicitação desses planos será também de responsabilidade do locatário e feito junto a empresa Net Vision, que permanecerão sempre à disposição diante de qualquer dúvida e/ou problema.  *** VALORES REFERENTE À INTERNET SUJEITOS A ALTERÇÃO, SEM PREVIO AVISO, PELA EMPRESA RESPONSÁVEL.***",kitnet
53dd1202c5ef8ce3878ffbd4b3c79bd2,426efdfedb177f22cf060a2db44dd31a,941707c7ec03960821a488b2754bd59a,0ef98b2b924d268967e63d0747a4bd65,Jardim Cidade Universitária I - Limeira/Sp,"R$ 1.050,00",0,0 m2,1,1,null,Imóvel muito bem localizado Conta com sala  e cozinha conjugados sendo a cozinha já mobiliada com gabinete balcão fogão e geladeira lavanderia dormitório com armário mesa para estudos e ar condicionado e o banheiro com gabinete e box blindex além de interfone individual. No aluguel está incluso o consumo de água até 2.500L por pessoa o consumo de gás faxina quinzenal e consumo de energia da área comum e conta também com câmeras de monitoramento 24h sem acesso remoto.  O imóvel oferece também o ponto para internet onde todo o cabeamento já está pronto. Ficando de responsabilidade do locatário a compra do roteador e pagamento do plano que melhor atenderá suas necessidades 10MB - R 5990 // 15MB - 7990 ou 20MB - R 9990. A solicitação desses planos será também de responsabilidade do locatário e feito junto a empresa Net Vision que permanecerão sempre à disposição diante de qualquer dúvida e/ou problema.  VALORES REFERENTE À INTERNET SUJEITOS A ALTERÇÃO SEM PREVIO AVISO PELA EMPRESA RESPONSÁVEL.,kitnet
53dd1202c5ef8ce3878ffbd4b3c79bd2,0f91776f479d37e4cae87f2024e335f5,8ea6bceec892ab9d2467eb912385a1a9,fc5f4e72ac82ea901f0f4f77ab0e9281,Jardim Paulista - Limeira/Sp,"R$ 1.000,00",0,0 m2,1,1,null,"Kitnet com um dormitório, banheiro, cozinha, área de serviço para uso comum.",kitnet
53dd1202c5ef8ce3878ffbd4b3c79bd2,7c6400b33a61fa907dc9ad69ddedad31,a57f034de361fc21b0efb06b4f6434a2,0ef98b2b924d268967e63d0747a4bd65,Jardim Cidade Universitária I - Limeira/Sp,"R$ 1.000,00",0,0 m2,1,1,null,"Kitnet com sala e cozinha conjugados, hall,  um dormitório com banheiro e área de serviço.",kitnet
53dd1202c5ef8ce3878ffbd4b3c79bd2,109ca0c6ff4425ee54cd7a3b28792454,92185e65b34f2224e2148eca1b18dbb9,fc5f4e72ac82ea901f0f4f77ab0e9281,Jardim Paulista - Limeira/Sp,"R$ 900,00",0,0 m2,1,1,null,Kitnet com 01 dormitório e 01 suíte.,kitnet
53dd1202c5ef8ce3878ffbd4b3c79bd2,9816d32aaae7482b85c98353e85b8c3a,568d1b833c4816a90df87ba89831f0ef,fc5f4e72ac82ea901f0f4f77ab0e9281,Jardim Paulista - Limeira/Sp,"R$ 900,00",0,0 m2,1,1,null,Imóvel totalmente reformado para atender especialmente as necessidades dos estudantes e isento de condomínio área de lazer com piscina e churrasqueira faxina da área comum e limpeza de piscina duas vezes por semana. É mobiliado com uma beliche geladeira microondas guarda-roupas e ventilador de teto. Está incluso no aluguel o consumo de água energia e internet.,kitnet
53dd1202c5ef8ce3878ffbd4b3c79bd2,482917cfeddd081cca0b99fc530ed346,60951c21f4b10552f419d83e4b3f8b73,fc5f4e72ac82ea901f0f4f77ab0e9281,Jardim Paulista - Limeira/Sp,"R$ 900,00",0,0 m2,1,1,null,"Imóvel totalmente reformado para atender especialmente as necessidades dos estudantes e isento de condomínio, área de lazer com piscina e churrasqueira faxina da área comum e limpeza de piscina duas vezes por semana. É mobiliado com uma beliche geladeira microondas guarda-roupas e ventilador de teto. Está incluso no aluguel o consumo de água energia e internet.",kitnet
53dd1202c5ef8ce3878ffbd4b3c79bd2,3f746121947d2fff7c7e824e71a8f98c,873507a6a50bde15b658b1550f729dc1,fc5f4e72ac82ea901f0f4f77ab0e9281,Jardim Paulista - Limeira/Sp,"R$ 900,00",0,0 m2,1,1,null,Imóvel totalmente reformado para atender especialmente as necessidades dos estudantes e isento de condomínio área de lazer com piscina e churrasqueira faxina da área comum e limpeza de piscina duas vezes por semana. É mobiliado com uma beliche geladeira microondas guarda-roupas e ventilador de teto. Está incluso no aluguel o consumo de água energia e internet.,kitnet
53dd1202c5ef8ce3878ffbd4b3c79bd2,1aea42739ef0d1236f3a9c7826ab5f7d,d1f942def322fc204b6be20838e7d044,0ef98b2b924d268967e63d0747a4bd65,Jardim Cidade Universitária I - Limeira/Sp ,"R$ 850,00",0,0 m2,1,1,null,Kitnet localizada na Cidade Universitária próximo a Unicamp.,kitnet
53dd1202c5ef8ce3878ffbd4b3c79bd2,676f4a0a63d42404324a6d077516ad50,3efb8f5900d5b5dff557d6857681338a,0ef98b2b924d268967e63d0747a4bd65,Jardim Cidade Universitária I - Limeira/Sp ,"R$ 850,00",0,0 m2,1,1,null,Kitnet localizada na Cidade Universitária próximo a Unicamp.,kitnet
53dd1202c5ef8ce3878ffbd4b3c79bd2,9a25fa46882e6b0a7a8da08b22f7ae20,97bcff626e416e4682240b08bfe240e9,0ef98b2b924d268967e63d0747a4bd65,Jardim Cidade Universitária I - Limeira/Sp ,"R$ 850,00",0,0 m2,1,1,null,"Kitnet no bairro Universitário, próximo a Unicamp.",kitnet
53dd1202c5ef8ce3878ffbd4b3c79bd2,fe37a191783038728b4c9b254093f19d,c3ff9f70c3bdd79c59d6a641c3d2eabc,0ef98b2b924d268967e63d0747a4bd65,Jardim Cidade Universitária I - Limeira/Sp ,"R$ 850,00",0,0 m2,1,1,null,Kitnet localizada na Cidade Universitária próximo a Unicamp.,kitnet
53dd1202c5ef8ce3878ffbd4b3c79bd2,77c429356c57b0235e45630d13f36fe3,1e50fc185554c5393e0c48307457c9e3,790e4dadd09a2e429af72561a75ccdd1,Jardim Cidade Universitária I - Limeira/Sp ,"R$ 850,00",0,50 m2,1,1,null,"Quitinete oferece cozinha com gabinete, geladeira, micro-ondas, fogão elétrico de 2 bocas. Dormitório com cama, guarda roupa e ar condicionado. WC com gabinete e box blindex. Lavanderia na área comum.",kitnet
53dd1202c5ef8ce3878ffbd4b3c79bd2,af212cdfd13551391383bd11575aed80,decee23146cd497fccdaa119dd7f51b8,0ef98b2b924d268967e63d0747a4bd65,Jardim Cidade Universitária I - Limeira/Sp ,"R$ 800,00",0,0 m2,1,1,null,"Ótimo apartamento na Cidade Universitária com um dormitório com armários, banheiro social com gabinete e box, sala, cozinha com armários, geladeira, microondas, cooktop e área de serviço comum.  O locatário ficará isento do consumo de água (até 10 m³ mensal) e faxina semanal na área comum.",kitnet
53dd1202c5ef8ce3878ffbd4b3c79bd2,1a7700327811977fe5b2105bddde15bd,fce9b6c1f46e7f6364188da23c1e4dad,0ef98b2b924d268967e63d0747a4bd65,Jardim Cidade Universitária I - Limeira/Sp ,"R$ 770,00",0,0 m2,1,1,null,Quarto e Cozinha conjugados Lavanderia individual com  01 tanque e 01 máquina de lavar. Porteiro eletrônico com acionamento de abertura interno e imagem gerada na TV Câmeras de segurança nas partes comuns  Cerca elétrica perimetral Ponto para Internet com a tecnologia de fibra ótica. Possibilidade de contratação por parte do Locatário as velocidades de 5 e 10 GB Antena coletiva instalada Faxina externa energia individual  Mobília Móvel planejado no dormitório armário com 2 duas partes iguais e 02 nichos prateleiras 02 mesas de granito para estudo/refeiçãode Cook top elétrico Geladeira com desgelo automático Micro-ondas Ar condicionado Box de vidro Blindex e espelho sobre a bancada do banheiro Iluminação interna lustres e lâmpadas técnica com luminosidade ideal para estudo Iluminação externa tecnologia LED com sensores crepuscular e de presença  Está incluso no aluguel consumo de água e IPTU.  SEGURANÇA VIGILÂNCIA NOTURNA NO PERÍODO DE 12 HORAS,kitnet
53dd1202c5ef8ce3878ffbd4b3c79bd2,f390109cbd8a8720454d230f4000e59a,c8fbc8d02d8f7238a7a6552dda43760c,0ef98b2b924d268967e63d0747a4bd65,Jardim Cidade Universitária I - Limeira/Sp ,"R$ 750,00",0,0 m2,1,1,null,"Kitnet com cozinha, um quarto, banheiro e área de serviço.",kitnet
53dd1202c5ef8ce3878ffbd4b3c79bd2,826278df9a7962f0f8f82953ebdf0b6c,0978b9e9df4f58a0acdd08f936c2c95e,0ef98b2b924d268967e63d0747a4bd65,Jardim Cidade Universitária I - Limeira/Sp ,"R$ 750,00",0,0 m2,1,1,null,"Kitnet com cozinha, um quarto, banheiro e área de serviço.",kitnet
53dd1202c5ef8ce3878ffbd4b3c79bd2,a9a9abc0bd96fbaa67f5cf0141297fac,6cb940ae9001fba36d6b120bca0fa2c1,3e72ebb916cf78b0770a12cbc2c1fafa,Jardim Morro Azul - Limeira/Sp ,"R$ 700,00",0,0 m2,1,1,null,"Quitinete com dormitório e cozinha conjugados, banheiro com box de blindex e área de serviço de uso comum. Está incluso no valor do aluguel o consumo de agua e energia.   ***O valor de R$ 700,00 será se a locação for para uma pessoa. Caso seja para duas pessoas, o valor será de R$ 800,00.***",kitnet
53dd1202c5ef8ce3878ffbd4b3c79bd2,d2119a0c78ed4e1cb2ba027de6ddea88,07f6384f6c2c7d702650281e7a51f958,3e72ebb916cf78b0770a12cbc2c1fafa,Jardim Morro Azul - Limeira/Sp ,"R$ 700,00",0,0 m2,1,1,null,"Kitnet com área de serviço, 1 dormitório, 1 cozinha e 1 banheiro.",kitnet
53dd1202c5ef8ce3878ffbd4b3c79bd2,fe8b785ca524fe5068969271479bcb44,39a6db2728600ac4a1ef144ab6635476,3e72ebb916cf78b0770a12cbc2c1fafa,Jardim Morro Azul - Limeira/Sp ,"R$ 500,00",0,0 m2,1,1,null,"Kitnet com 1 dormitório, 1 cozinha e 1 banheiro, nos fundos do imóvel.",kitnet
53dd1202c5ef8ce3878ffbd4b3c79bd2,0b4d85942bf3782c82152c8ffdaf2476,076dca11336a14d46593a109d2ef73c4,c802e68178774c3218e92187307f113a,Jardim Cidade Universitaria I - Limeira/SP,"Locação:  R$ 770,00",0,40,1,1,Não,"GELADEIRA, FOGÃO, MICROONDAS, ARMÁRIO NA COZINHA, BWC E NO DORMITORIO.CONDOMINIO INCLUSO AGUA, ENERGIA, LIMPEZA EXTERNA.",kitnet
53dd1202c5ef8ce3878ffbd4b3c79bd2,09cd5832eb44a6e17a4eb1e149c6cc54,25ca6bf2be63ac748654c70460d9ab53,c802e68178774c3218e92187307f113a,Jardim Cidade Universitaria I - Limeira/SP,"Locação:  R$ 800,00",0,30,1,1,Sim,"COZINHA COM GELADEIRA COM DISPENSER NA PORTA, MICROONDAS, FOGÃO COOKTOP, SALA COM MESA PARA ESTUDO, AR CONDICIONADO, QUARTO COM CAMABOX, GUARDA ROUPA EMBUTIDO.ESPAÇO DE LAZER.GARAGEM ROTATIVA.INCLUSO NO CONDOMÍNIO: ÁGUA, LIMPEZA EXTERNA E VIGILANTE NOTURNO.ENERGIA A PARTE.",kitnet
53dd1202c5ef8ce3878ffbd4b3c79bd2,713b382a6d5fe0dc844444ba1d5b193f,f773fe72ae9c3ae06183ea91d181347a,c802e68178774c3218e92187307f113a,Jardim Cidade Universitaria I - Limeira/SP,"Locação:  R$ 800,00",0,20,1,1,0,"COZINHA COM GELADEIRA COM DISPENSER NA PORTA, MICROONDAS, FOGÃO COOKTOP, SALA COM MESA PARA ESTUDO, AR CONDICIONADO, QUARTO COM CAMABOX, GUARDA ROUPA EMBUTIDO.ESPAÇO DE LAZER.GARAGEM ROTATIVA.INCLUSO NO CONDOMÍNIO: ÁGUA, LIMPEZA EXTERNA E VIGILANTE NOTURNO.ENERGIA A PARTE.",kitnet
53dd1202c5ef8ce3878ffbd4b3c79bd2,f6c1a5db8aff569adcd81666d84fd5da,06c9b7deba0932d78442c9fcccb5e5cd,c802e68178774c3218e92187307f113a,Jardim Cidade Universitaria I - Limeira/SP,"Locação:  R$ 950,00",0,0,1,1,1,"KITNET CONTENDO FOGÃO, GELADEIRA, ARMÁRIO EMBUTIDO NA COZINHA E DORMITÓRIO,PAINEL NA SALA E VENTILADOR NO TETO.01 VAGA DE GARAGEM POR APARTAMENTO, PORTÃO AUTOMÁTICO, ELEVADOR E CERCA ELÉTRICA.AGUA E CONDOMÍNIO JÁ INCLUSO NO VALOR DO ALUGUEL.ENERGIA É A PARTE.",kitnet
53dd1202c5ef8ce3878ffbd4b3c79bd2,4f680857c0f74dbcb0bae180d91b6269,4cc0e019beccf19b1e1182b9e896f089,c802e68178774c3218e92187307f113a,Jardim Cidade Universitaria I - Limeira/SP,"Locação:  R$ 1.000,00",0,0,1,1,Não,1 QUARTO COM ARMÁRIO E AR CONDICIONADO;1 SALA CONJUGADA;1 COZINHA CONJUGADA COM FOGÃO COOKTOP E GELADEIRA;1 BANHEIRO.AGUA E CONDOMINIO JÁ INCLUSO NO VALOR DO ALUGUEL.ENERGIA É A PARTE.*NÃO TEM VAGA DE GARAGEM.,kitnet
53dd1202c5ef8ce3878ffbd4b3c79bd2,00d4ac5eb99490f56c3c8ac7b73cc15d,06e3f8f16947e2119e6dd13e9671eb62,c802e68178774c3218e92187307f113a,Jardim Cidade Universitaria I - Limeira/SP,"Locação:  R$ 1.200,00",0,20,1,1,Sim,"KITNET COM COZINHA COM ARMÁRIOS, GALADEIRA, FOGÃO ELÉTRICO E MICROONDAS,  GUARDA ROUPA,PAINEL COM ESCRIVANINHA,AR CONDICIONADO. GARAGEM ROTATIVA.INCLUSO AGUA E LIMPEZA EXTERNA.ENERGIA À PARTE.",kitnet
53dd1202c5ef8ce3878ffbd4b3c79bd2,af31756732cb7bb0ab5e8df609543643,d4f9e281bf219ebb78ba326984931a75,c802e68178774c3218e92187307f113a,Jardim Cidade Universitaria I - Limeira/SP,"Locação:  R$ 1.200,00",0,20,1,1,Sim,"KITNET COM COZINHA COM ARMÁRIOS, GALADEIRA, FOGÃO ELÉTRICO E MICROONDAS,  GUARDA ROUPA,PAINEL COM ESCRIVANINHA,AR CONDICIONADO. GARAGEM ROTATIVA.INCLUSO AGUA E LIMPEZA EXTERNA.ENERGIA À PARTE.",kitnet
53dd1202c5ef8ce3878ffbd4b3c79bd2,3407cab52e5213865456a4dd5d11be6a,4335d8cdb2b2d5869e31b2e4a8a5397e,c802e68178774c3218e92187307f113a,Jardim Cidade Universitaria I - Limeira/SP,"Locação:  R$ 1.200,00",0,20,1,1,Sim,"COZINHA COM ARMARIOS, GALDEIRA, FOGÃO E MICROONDAS  GUARDA ROUPA PAINEL COM ESCRIVANINHA AR CONDICIONADO GARAGEM ROTATIVA INCLUSO AGUA E LIMPEZA EXTERNA",kitnet
53dd1202c5ef8ce3878ffbd4b3c79bd2,901580dc5dcb953bee5e0d01f124ff95,3523c1ce248ca6ae7f76dc30e70f87c4,c802e68178774c3218e92187307f113a,Jardim Cidade Universitaria I - Limeira/SP,"Locação:  R$ 1.200,00",0,20,1,1,Sim,"KITNET COM COZINHA COM ARMÁRIOS, GALADEIRA, FOGÃO ELÉTRICO E MICROONDAS,  GUARDA ROUPA,PAINEL COM ESCRIVANINHA,AR CONDICIONADO. GARAGEM ROTATIVA.INCLUSO AGUA E LIMPEZA EXTERNA.ENERGIA À PARTE.",kitnet
53dd1202c5ef8ce3878ffbd4b3c79bd2,1d9c5a1bac313f9a4560a5217caf84de,7d5484786120d25928bb67c399e56d7f,c802e68178774c3218e92187307f113a,Jardim Cidade Universitaria I - Limeira/SP,"Locação:  R$ 1.200,00",0,20,1,1,Sim,"KITNET COM COZINHA COM ARMÁRIOS, GALADEIRA, FOGÃO ELÉTRICO E MICROONDAS,  GUARDA ROUPA,PAINEL COM ESCRIVANINHA,AR CONDICIONADO. GARAGEM ROTATIVA.INCLUSO AGUA E LIMPEZA EXTERNA.ENERGIA À PARTE.",kitnet
53dd1202c5ef8ce3878ffbd4b3c79bd2,1e756a4c5db00e5b628e03f9ed61380e,0ceadbf4db60a38cf3ab2d56ecc86e9b,c802e68178774c3218e92187307f113a,Jardim Cidade Universitaria I - Limeira/SP,"Locação:  R$ 1.200,00",0,20,1,1,Sim,"KITNET COM COZINHA COM ARMÁRIOS, GALADEIRA, FOGÃO ELÉTRICO E MICROONDAS,  GUARDA ROUPA,PAINEL COM ESCRIVANINHA,AR CONDICIONADO. GARAGEM ROTATIVA.INCLUSO AGUA E LIMPEZA EXTERNA.ENERGIA À PARTE.",kitnet
53dd1202c5ef8ce3878ffbd4b3c79bd2,bd038a5b3bc56827a5c0de5d9d829d71,c5376259a423f128711fd7b7a691b84c,c802e68178774c3218e92187307f113a,Jardim Cidade Universitaria I - Limeira/SP,"Locação:  R$ 1.200,00",0,25,1,1,Sim,"KITNET COM COZINHA COM ARMÁRIOS, GALADEIRA, FOGÃO ELÉTRICO E MICROONDAS,  GUARDA ROUPA,PAINEL COM ESCRIVANINHA,AR CONDICIONADO. GARAGEM ROTATIVA.INCLUSO AGUA E LIMPEZA EXTERNA.ENERGIA À PARTE.",kitnet
53dd1202c5ef8ce3878ffbd4b3c79bd2,fc875de20d2370cd3e8eb0a14d871292,0ad20aec1ef2df50a06a50921b1b230f,c802e68178774c3218e92187307f113a,Jardim Cidade Universitaria I - Limeira/SP,"Locação:  R$ 1.200,00",0,25,1,1,Sim,"KITNET COM COZINHA COM ARMÁRIOS, GALADEIRA, FOGÃO ELÉTRICO E MICROONDAS,  GUARDA ROUPA,PAINEL COM ESCRIVANINHA,AR CONDICIONADO. GARAGEM ROTATIVA.INCLUSO AGUA E LIMPEZA EXTERNA.ENERGIA À PARTE.",kitnet
