imob,codigo,bairro,aluguel,condominio,area,quartos,banheiros,vaga_garagem,descricao,total,preco_m2,dist_unicamp
C,57544d6162644c4cec89720f0d0fb27b,JD. Cidade Universitária I,1000.0,0.0,35.0,1,1,0.0,"Kitnet próxima à Unicamp (FCA) contendo quarto e sala conjugados, cozinha, banheiro e lavanderia. Este imóvel conta também com geladeira, fogão, escrivaninha, guarda-roupas e ar condicionado, pronto para moradia.
35      M2
1       QUARTO COM ARMARIO
1       SALA CONJUGADA COM O QUARTO
1       COZINHA
1       BANHEIRO
1       LAVANDERIA
PISO CERÂMICO
TETO LAJE",1000.0,28.571428571428573,1.3854276880650611
C,00f33a85f39b78148f5941eac174acd2,JD. Cidade Universitária I,1000.0,0.0,35.0,1,1,0.0,"Kitnet próxima à Unicamp (FCA) contendo quarto e sala conjugados, cozinha, banheiro e lavanderia. Este imóvel conta também com geladeira, fogão, escrivaninha, guarda-roupas e ar condicionado, pronto para moradia.
35      M2
1       QUARTO  COM ARMARIO E AR CONDICIONADO
1       SALA CONJUGADA COM QUARTO
1       COZINHA COM ARMARIO, GELADEIRA E FOGÃO COOKTOP
1       BANHEIRO
1       ÁREA DE SERVIÇO
PISO CERÂMICO
TETO LAJE",1000.0,28.571428571428573,1.3854276880650611
C,b62fad32adf34709c628e9833d66b8df,JD. Cidade Universitária I,1000.0,0.0,35.0,1,1,0.0,"Kitnet próxima à Unicamp (FCA) contendo quarto e sala conjugados, cozinha, banheiro e lavanderia. Este imóvel conta também com geladeira, fogão, escrivaninha, guarda-roupas e ar condicionado, pronto para moradia.
35      M2
1       QUARTO COM ARMÁRIO
1       SALA COM RACK E AR CONDICIONADO
JARDIM DE INVERNO
1       COZINHA PLANEJADA COM GELADEIRA E FOGÃO COOKTOP
1       BANHEIRO
1       LAVANDERIA
PISO PORCELANATO
TETO LAJE",1000.0,28.571428571428573,1.3854276880650611
C,2d7097bf091516c6952950802bd49019,JD. Cidade Universitária I,1000.0,0.0,35.0,1,1,0.0,"Kitnet próxima à Unicamp (FCA) contendo quarto e sala conjugados, cozinha, banheiro e lavanderia. Este imóvel conta também com geladeira, fogão, escrivaninha, guarda-roupas e ar condicionado, pronto para moradia.
35      M2
1       QUARTO  COM ARMÁRIO
1       SALA
1       COZINHA COM ARMÁRIO E GELADEIRA
1       BANHEIRO
PISO CERÂMICO
TETO LAJE",1000.0,28.571428571428573,1.3854276880650611
C,12d0456fa8a537ce311abb5ea43c4b03,JD. Cidade Universitária I,1000.0,0.0,35.0,1,1,0.0,"Kitnet próxima à Unicamp (FCA) contendo quarto e sala conjugados, cozinha, banheiro e lavanderia. Este imóvel conta também com geladeira, fogão, escrivaninha, guarda-roupas e ar condicionado, pronto para moradia.
35      M2
1       QUARTO COM ARMARIO
1       SALA CONJUGADA COM QUARTO
1       COZINHA COM ARMARIO, FOGÃO COOKTOP E GELADEIRA
1       ÁREA DE SERVIÇO
PISO CERÂMICO
TETO LAJE",1000.0,28.571428571428573,1.3854276880650611
C,660f29bab4766650b9e3e62aae4f6730,JD. Cidade Universitária I,850.0,0.0,,1,1,0.0,"Kitinet próximo à Unicamp (FCA) sendo 01 quarto e cozinha conjugados, banheiro e área de serviço. O imóvel  possui: geladeira, cama, colchão, cortina black out, fogão, armário e conta também com cerca elétrica, interfone, cameras de monitoramento além de ter incluso em seu aluguel as despesas de água, energia e iptu.
1       QUARTO CONJUGADO
1       COZINHA CONJUGADO
1       BANHEIRO
1       ÁREA DE SERVIÇO
PISO CERÂMICO
TETO LAJE",850.0,,1.3854276880650611
C,eccf80daef9939671bc11ac471171654,JD. Cidade Universitária I,1000.0,0.0,,1,1,0.0,"Kitnet próxima à Unicamp (FCA) contendo quarto e sala conjugados, cozinha, banheiro e lavanderia. Este imóvel conta também com geladeira, fogão, escrivaninha, guarda-roupas e ar condicionado, pronto para moradia.
1       QUARTO COM ARMARIO
1       SALA CONJUGADA COM O QUARTO
1       COZINHA COM ARMARIO
1       BANHEIRO
1       LAVANDERIA
PISO PORCELANATO
TETO LAJE",1000.0,,1.3854276880650611
C,0236a38d5e4d324ecebfb8c807b7f238,JD. Cidade Universitária I,1000.0,0.0,35.0,1,1,0.0,"Kitnet próxima à Unicamp (FCA) contendo quarto e sala conjugados, cozinha, banheiro e lavanderia. Este imóvel conta também com geladeira, fogão, escrivaninha, guarda-roupas e ar condicionado, pronto para moradia.
35      M2
1       QUARTO COM ARMARIO
1       SALA CONJUGADA COM QUARTO
1       COZINHA COM ARMARIO
1       BANHEIRO
1       LAVANDERIA
PISO PORCELANATO
TETO LAJE",1000.0,28.571428571428573,1.3854276880650611
C,72d0a25bdc4aa78facc3b05f3b7dc2b9,JD. Cidade Universitária I,1000.0,0.0,,1,1,0.0,"Kitnet próxima à Unicamp (FCA) contendo quarto e sala conjugados, cozinha, banheiro e lavanderia. Este imóvel conta também com geladeira, fogão, escrivaninha, guarda-roupas e ar condicionado, pronto para moradia.
1       QUARTO CONJUGADO COM A SALA
1       SALA
1       COZINHA
1       BANHEIRO
1       ÁREA DE SERVIÇO
PISO CERÂMICO
TETO LAJE",1000.0,,1.3854276880650611
C,adaf6dba40a3695184eea6bad00e96bf,JD. Cidade Universitária I,1000.0,0.0,35.0,1,1,0.0,"Kitnet próxima à Unicamp (FCA) contendo quarto e sala conjugados, cozinha, banheiro e lavanderia. Este imóvel conta também com geladeira, fogão, escrivaninha, guarda-roupas e ar condicionado, pronto para moradia.
35      M2
1       QUARTO COM ARMARIO
1       SALA CONJUGADA COM QUARTO
1       COZINHA COM ARMARIO
1       BANHEIRO
1       LAVANDERIA
PISO PORCELANATO
TETO LAJE",1000.0,28.571428571428573,1.3854276880650611
C,8621c612207ad3dbf1da43a0c56d6116,JD. Cidade Universitária I,1000.0,0.0,35.0,1,1,0.0,"Kitnet próxima à Unicamp (FCA) contendo quarto e sala conjugados, cozinha, banheiro e lavanderia. Este imóvel conta também com geladeira, fogão, escrivaninha, guarda-roupas e ar condicionado, pronto para moradia.
35      M2
1       QUARTO COM GUARDA ROUPA
1       SALA CONJUGADO
1       COZINHA COM ARMÁRIO, GELADEIRA E  FOGÃO COOKTOP
1       BANHEIRO
1       LAVANDERIA
QUINTAL
PISO PORCELANATO
TETO LAJE",1000.0,28.571428571428573,1.3854276880650611
C,17e432c6fd9c0be3a2cbf043f3bd8387,JD. Cidade Universitária I,750.0,0.0,,1,1,0.0,"Kitinet localizada na Cidade Universitária próximo a Unicamp (FCA) contendo 01 quarto e cozinha conjugados, banheiro e lavanderia, imóvel também possui cama e micro-ondas.
1       QUARTO CONJUGADO COM COZINHA
1       BANHEIRO
1       LAVANDERIA
PISO PORCELANATO
TETO LAJE E GESSO",750.0,,1.3854276880650611
C,2730887bcbe5319d9e3efaa18e0023cc,JD. Cidade Universitária I,1000.0,0.0,35.0,1,1,0.0,"Kitnet próximo à Unicamp (FCA) sendo quarto e sala conjugados, cozinha e área de serviço conjugados e banheiro. Este imóvel também possui: guarda-roupas, geladeira, fogão, armários e ar condicionado.
35      M2
1       QUARTO COM ARMARIO E AR CONDICIONADO
1       SALA CONJUGADA
1       COZINHA COM ARMARIO CONJUGADA
1       BANHEIRO
1       LAVANDERIA
PISO PORCELANATO
TETO LAJE",1000.0,28.571428571428573,1.3854276880650611
C,a264ee68837c839ccf3a90ee71c91b41,JD. Cidade Universitária I,1000.0,0.0,35.0,1,1,0.0,"Kitnet próxima à Unicamp (FCA) contendo quarto e sala conjugados, cozinha, banheiro e lavanderia. Este imóvel conta também com geladeira, fogão, escrivaninha, guarda-roupas e ar condicionado, pronto para moradia.
35      M2
1       QUARTO COM ARMARIO E AR CONDICIONADO
1       SALA CONJUGADA
1       COZINHA CONJUGADA E COM ARMARIO
1       BANHEIRO
1       LAVANDERIA
PISO PORCELANATO
TETO LAJE",1000.0,28.571428571428573,1.3854276880650611
C,3a6973c5d2b2a8726c531a1693ea2ac1,JD. Cidade Universitária I,1000.0,0.0,,1,1,0.0,"Kitnet próxima à Unicamp (FCA) contendo quarto e sala conjugados, cozinha, banheiro e lavanderia. Este imóvel conta também com geladeira, fogão, escrivaninha, guarda-roupas e ar condicionado, pronto para moradia.

35      M2
1       QUARTO COM ARMáRIO E AR CONDICIONADO
1       SALA CONJUGADA
1       COZINHA COM ARMARIO E CONJUGADA
1       BANHEIRO
1       LAVANDERIA
PISO PORCELANATO
TETO LAJE",1000.0,,1.3854276880650611
C,7500856834d96bce86e5e6343d8ef15f,JD. Cidade Universitária I,1000.0,0.0,35.0,1,1,0.0,"Kitnet próxima à Unicamp (FCA) contendo quarto e sala conjugados, cozinha, banheiro e lavanderia. Este imóvel conta também com geladeira, fogão, escrivaninha, guarda-roupas e ar condicionado, pronto para moradia.
35      M2
1       QUARTO COM ARMÁRIO E AR CONDICIONADO
1       SALA CONJUGADA
1       COZINHA
1       BANHEIRO
1       LAVANDERIA
PISO PORCELANATO
TETO LAJE",1000.0,28.571428571428573,1.3854276880650611
C,7de4e6131938592e7ad6673ca646092f,JD. Cidade Universitária I,1000.0,0.0,35.0,1,1,0.0,"Kitnet próxima à Unicamp (FCA) contendo quarto e sala conjugados, cozinha, banheiro e lavanderia. Este imóvel conta também com geladeira, fogão, escrivaninha, guarda-roupas e ar condicionado, pronto para moradia.
35      M2
1       QUARTO E SALA CONJUGADOS
1       COZINHA E AREA DE SERVIÇO CONJUGADOS
1       BANHEIRO
PISO CERÂMICO
TETO LAJE",1000.0,28.571428571428573,1.3854276880650611
C,d41f3ff29acc315dd5302d634301606b,JD. Cidade Universitária I,1000.0,0.0,35.0,1,1,0.0,"Kitnet próximo à Unicamp (FCA) sendo quarto e sala conjugados, cozinha e área de serviço conjugados e banheiro. Este imóvel também possui: guarda-roupas, geladeira, fogão, armários e ar condicionado.
35      M2
1       QUARTO COM ARMARIO E AR CONDICIONADO
1       SALA CONJUGADA
1       COZINHA PLANEJADA
1       BANHEIRO
1       ÁREA DE SERVIÇO
PISO CERÂMICIO
TETO LAJE",1000.0,28.571428571428573,1.3854276880650611
C,02ae405e9d8013cc5d033c272e2a800d,JD. Cidade Universitária I,1000.0,0.0,35.0,1,1,0.0,"Kitnet próxima à Unicamp (FCA) contendo quarto e sala conjugados, cozinha, banheiro e lavanderia. Este imóvel conta também com geladeira, fogão, escrivaninha, guarda-roupas e ar condicionado, pronto para moradia.
35      M2
1       QUARTO  COM ARMARIO
1       COZINHA COM ARMARIO, COOKTOP E GELADEIRA
1       BANHEIRO
1       ÁREA DE SERVIÇO CONJUGADA COM COZINHA
PISO CERÂMICO
TETO LAJE",1000.0,28.571428571428573,1.3854276880650611
C,361a537a61eaa8e33466a2a8bbe7c274,JD. Cidade Universitária I,1000.0,0.0,,1,1,0.0,"Kitnet próxima à Unicamp (FCA) contendo quarto e sala conjugados, cozinha, banheiro e lavanderia. Este imóvel conta também com geladeira, fogão, escrivaninha, guarda-roupas e ar condicionado, pronto para moradia.

1       QUARTO CONJUGADO COM ARMARIO E AR CONDICIONADO
1       COZINHA PLANEJADA
1       BANHEIRO
1       LAVANDERIA
PISO CERÂMICO
TETO LAJE",1000.0,,1.3854276880650611
C,b3b477f0632310b03bde750706df4596,JD. Paulista,950.0,0.0,16.0,1,1,0.0,"Kitnet localizada próximo à Unicamp (FCA) contendo 01 dormitório com cama e guarda-roupas, cozinha com geladeira e microondas, lavanderia, banheiro e também conta com uma área de lazer com piscina e churrasqueira.
16      M2
1       QUARTO 01 CAMA BOX E GUARDA-ROUPA
1       COZINHA COM MICROONDAS E GELADEIRA
1       BANHEIRO
1       LAVANDERIA
AREA DE LAZER COM CHURRASQUEIRA E PISCINA
PISO CERÂMICO
TETO LAJE",950.0,59.375,0.4476004851487637
C,d7605883477939a58e52e551391d5dcb,JD. Paulista,950.0,0.0,16.0,1,1,0.0,"Kitnet localizada próximo à Unicamp (FCA) contendo 01 dormitório com cama e guarda-roupas, cozinha com geladeira e microondas, lavanderia, banheiro e também conta com uma área de lazer com piscina e churrasqueira
16      M2
1       QUARTO COM CAMA E GUARDA-ROUPAS
1       COZINHA COM GELADEIRA E MICROONDAS
1       BANHEIRO
1       LAVANDERIA
ÁREA DE LAZER COM PISCINA E CHURRASQUEIRA
PISO CERAMICO
TETO LAJE",950.0,59.375,0.4476004851487637
C,7b17e06caa3474661e0d2ac8f44da80f,JD. Paulista,950.0,0.0,,1,1,0.0,"Kitnet localizada próximo à Unicamp (FCA) contendo 01 dormitório com cama e guarda-roupas, cozinha com geladeira e microondas, lavanderia, banheiro e também conta com uma área de lazer com piscina e churrasqueira.
1º      ANDAR
16      M2
1       QUARTO COM SACADA, CAMA E GUARDA-ROUPAS
1       COZINHA COM MICROONDAS E GELADEIRA
1       BANHEIRO
1       LAVANDERIA
ÁREA DE LAZER COM PISCINA E CHURRASQUEIRA
PISO CERAMICO
TETO LAJE",950.0,,0.4476004851487637
C,6a079dd44e0e8cc401934fe33492d0bc,JD. Paulista,950.0,0.0,16.0,1,1,0.0,"Kitnet localizada próximo à Unicamp (FCA) contendo 01 dormitório com cama e guarda-roupas, cozinha com geladeira e microondas, lavanderia, banheiro e também conta com uma área de lazer com piscina e churrasqueira.
16      M2
1       QUARTO COM CAMA E GUARDA-ROUPAS
1       COZINHA COM GELADEIRA E MICROONDAS
1       BANHEIRO
1       LAVANDERIA
PISO CERAMICO
TETO LAJE",950.0,59.375,0.4476004851487637
C,74f4cf90ff8521e47f0acd347411dc9a,JD. Paulista,950.0,0.0,16.0,1,1,0.0,"Kitnet localizada próximo à Unicamp (FCA) contendo 01 dormitório com cama e guarda-roupas, cozinha com geladeira e microondas, lavanderia, banheiro e também conta com uma área de lazer com piscina e churrasqueira.
16      M2
1       QUARTO COM CAMA E GUARDA-ROUPAS
1       COZINHA COM GELADEIRA E MICROONDAS
1       BANHEIRO
1       LAVANDERIA
ÁREA DE LAZER COM PISCINA E CHURRASQUEIRA",950.0,59.375,0.4476004851487637
C,48cf0deecd859f082300f8bb8f2ee7c6,JD. Cidade Universitária I,950.0,100.0,25.0,1,1,0.0,"Apartamento localizado no Chacara Antonieta contendo quarto e sala conjugados com armário e painel de TV, cozinha planejada com geladeira e fogão, banheiro social, lavanderia e vaga na garagem para 01 carro com portão eletrônico. Acabamento em piso cerâmico e laje.
25      M2
1       QUARTO COM ARMÁRIO
1       SALA COM PAINEL
1       COZINHA PLANEJADA COM FOGÃO E GELADEIRA
1       BANHEIRO
1       LAVANDERIA
1       VAGA PARA CARRO COM PORTÃO ELETRÔNICO
PISO CERÂMICO
TETO LAJE",1050.0,42.0,1.3854276880650611
C,ded7b202961dd5bb3fd74353a755c6de,JD. Cidade Universitária I,950.0,100.0,25.0,1,1,0.0,"Apartamento localizado no Chacara Antonieta contendo quarto e sala conjugados com armário e painel de TV, cozinha planejada com geladeira e fogão, banheiro social, lavanderia e vaga na garagem para 01 carro com portão eletrônico. Acabamento em piso cerâmico e laje.
25      M2
1       QUARTO COM ARMÁRIO
1       SALA COM PAINEL DE TV
1       COZINHA PLANEJADA COM FOGÃO E GELADEIRA
1       LAVANDERIA
1       VAGA PARA CARRO COM PORTÃO ELETRÔNICO
PISO CERÂMICO
TETO LAJE",1050.0,42.0,1.3854276880650611
C,b2d83e2253d0695b33e339b8fdd48a94,JD. Paulista,950.0,0.0,16.0,1,1,0.0,"Kitinet medindo 16 m² próximo à Faculdade Unicamp, com quarto contendo box e guarda-roupas, cozinha com geladeira e microondas, banheiro e lavanderia. Além da área de lazer com piscina e churrasqueira.
16      M2
1       QUARTO COM BOX E GUARDA-ROUPAS
1       COZINHA COM GELADEIRA E MICROONDAS
1       BANHEIRO
1       LAVANDERIA
ÁREA DE LAZER COM PISCINA E CHURRASQUEIRA
PISO CERAMICO
TETO LAJE",950.0,59.375,0.4476004851487637
B,8ea6bceec892ab9d2467eb912385a1a9,JD. Paulista,1000.0,0.0,,1,1,0.0,"Kitnet com um dormitório, banheiro, cozinha, área de serviço para uso comum.",1000.0,,0.4476004851487637
B,50f5a26c0b4c05c14d551542eee9cd82,JD. Cidade Universitária I,1000.0,0.0,50.0,1,1,0.0,"Imóvel com sala  e cozinha conjugados, sendo a cozinha já mobiliada com gabinete, balcão, fogão e geladeira, lavanderia, dormitório com armário, mesa para estudos e ar condicionado, e o banheiro com gabinete e box e interfone individual.",1000.0,20.0,1.3854276880650611
B,87547b6f14ce4c758c1abf4490af8414,JD. Cidade Universitária I,1000.0,0.0,50.0,1,1,0.0,"Imóvel com sala  e cozinha conjugados, sendo a cozinha já mobiliada com gabinete, balcão, fogão e geladeira, lavanderia, dormitório com armário, mesa para estudos e ar condicionado, o banheiro com gabinete e box, além de interfone individual. No aluguel está incluso o consumo de água até 2.500L por pessoa, o consumo de gás, faxina quinzenal e consumo de energia da área comum e conta também com câmeras de monitoramento 24h (sem acesso remoto). O imóvel oferece também o ponto para internet, onde todo o cabeamento já está pronto. Ficando de responsabilidade do locatário a compra do roteador e pagamento do plano que melhor atenderá suas necessidades (10MB - R$ 59,90 // 15MB - 79,90 ou 20MB - R$ 99,90). A solicitação desses planos será também de responsabilidade do locatário e feito junto a empresa Net Vision, que permanecerão sempre à disposição diante de qualquer dúvida e/ou problema. ",1000.0,20.0,1.3854276880650611
B,2c8c9e9121145fbc37ef67c0a5ea3869,JD. Cidade Universitária I,1000.0,0.0,,1,1,0.0,Imóvel muito bem localizado. Conta com sala  e cozinha conjugados sendo a cozinha já mobiliada com gabinete balcão fogão e geladeira lavanderia dormitório com armário mesa para estudos e ar condicionado e o banheiro com gabinete e box blindex além de interfone individual. No aluguel está incluso o consumo de água até 2.500L por pessoa o consumo de gás faxina quinzenal e consumo de energia da área comum e conta também com câmeras de monitoramento 24h sem acesso remoto.  O imóvel oferece também o ponto para internet onde todo o cabeamento já está pronto. Ficando de responsabilidade do locatário a compra do roteador e pagamento do plano que melhor atenderá suas necessidades 10MB - R 5990 // 15MB - 7990 ou 20MB - R 9990. A solicitação desses planos será também de responsabilidade do locatário e feito junto a empresa Net Vision que permanecerão sempre à disposição diante de qualquer dúvida e/ou problema.  VALORES REFERENTE À INTERNET SUJEITOS A ALTERÇÃO SEM PREVIO AVISO PELA EMPRESA RESPONSÁVEL.,1000.0,,1.3854276880650611
B,358c95a5fb745563272054e6f2a14985,JD. Cidade Universitária I,1000.0,0.0,50.0,1,1,0.0,"Imóvel com cozinha com gabinete, armários, mesa retrátil, cooktop elétrico, micro-ondas, geladeira, lavanderia c/ varal retrátil, dormitório com duas camas de solteiro, armário planejado contendo dois gavetas c/ chave e 01 gaveteiro de 06 gavetas onde 02 são c/ chave; banheiros com gabinete, espelho e box.",1000.0,20.0,1.3854276880650611
B,2f8542abf804d897430c0c9a84b1991e,JD. Cidade Universitária I,1000.0,0.0,,1,1,0.0,"Imóvel muito bem localizado! Conta com sala  e cozinha conjugados, sendo a cozinha já mobiliada com gabinete, balcão, fogão e geladeira, lavanderia, dormitório com armário, mesa para estudos e ar condicionado, e o banheiro com gabinete e box blindex, além de interfone individual. No aluguel está incluso o consumo de água até 2.500L por pessoa, o consumo de gás, faxina quinzenal e consumo de energia da área comum e conta também com câmeras de monitoramento 24h (sem acesso remoto).  O imóvel oferece também o ponto para internet, onde todo o cabeamento já está pronto. Ficando de responsabilidade do locatário a compra do roteador e pagamento do plano que melhor atenderá suas necessidades (10MB - R$ 59,90 // 15MB - 79,90 ou 20MB - R$ 99,90). A solicitação desses planos será também de responsabilidade do locatário e feito junto a empresa Net Vision, que permanecerão sempre à disposição diante de qualquer dúvida e/ou problema.  *** VALORES REFERENTE À INTERNET SUJEITOS A ALTERAÇÃO, SEM PREVIO AVISO, PELA EMPRESA RESPONSÁVEL.***",1000.0,,1.3854276880650611
B,7ef0dfe78be61f5fd8392d3948fb860c,JD. Cidade Universitária I,1000.0,0.0,,1,1,0.0,"Imóvel com: geladeira, fogão, gabinete e mesa na cozinha, interfone, um dormitório com armário e mesa, ar condicionado, banheiro com gabinete e persianas.",1000.0,,1.3854276880650611
B,5416c9b0aba5eb43b419b107d3975a76,JD. Cidade Universitária I,1000.0,0.0,50.0,1,1,0.0,Imóvel muito bem localizado Conta com sala  e cozinha conjugados sendo a cozinha já mobiliada com gabinete balcão fogão e geladeira lavanderia dormitório com armário mesa para estudos e ar condicionado e o banheiro com gabinete e box blindex além de interfone individual. No aluguel está incluso o consumo de água até 2.500L por pessoa o consumo de gás faxina quinzenal e consumo de energia da área comum e conta também com câmeras de monitoramento 24h sem acesso remoto.  O imóvel oferece também o ponto para internet onde todo o cabeamento já está pronto. Ficando de responsabilidade do locatário a compra do roteador e pagamento do plano que melhor atenderá suas necessidades 10MB - R 5990 // 15MB - 7990 ou 20MB - R 9990. A solicitação desses planos será também de responsabilidade do locatário e feito junto a empresa Net Vision que permanecerão sempre à disposição diante de qualquer dúvida e/ou problema.  VALORES REFERENTE À INTERNET SUJEITOS A ALTERAÇÃO SEM PREVIO AVISO PELA EMPRESA RESPONSÁVEL.,1000.0,20.0,1.3854276880650611
B,e3ac2c5e0d51230d756de5db78c7452d,JD. Cidade Universitária I,1000.0,0.0,,1,1,0.0,"Imóvel em frente à portaria principal da Unicamp. Conta com sala  e cozinha conjugados, sendo a cozinha já mobiliada com gabinete, balcão, fogão e geladeira, lavanderia, dormitório com armário, mesa para estudos e ar condicionado, e o banheiro com gabinete, box e interfone individual.",1000.0,,1.3854276880650611
B,8fb0a0798b0f5b56b77aaf7df6294525,JD. Cidade Universitária I,1000.0,0.0,,1,1,0.0,"Imóvel próximo à Unicamp e também com entrada pela Av Libertino Pizani, 177. Conta com sala  e cozinha conjugados, sendo a cozinha já mobiliada com gabinete, balcão, fogão e geladeira, lavanderia, dormitório com armário, mesa para estudos e ar condicionado, e o banheiro com gabinete e box, além de interfone individual. No aluguel está incluso o consumo de água até 2.500L por pessoa, o consumo de gás, faxina quinzenal e consumo de energia da área comum e conta também com câmeras de monitoramento 24h (sem acesso remoto).",1000.0,,1.3854276880650611
B,66144e0bddee1c85b94bc338ecfae0fb,JD. Cidade Universitária I,1000.0,0.0,,1,1,0.0,"Imóvel muito bem localizado. Conta com sala e cozinha conjugados sendo a cozinha já mobiliada com gabinete, balcão, fogão e geladeira, lavanderia, dormitório com armário, mesa para estudos e ar condicionado, banheiro com gabinete e box blindex, interfone individual. No aluguel está incluso o consumo de água até 2.500L por pessoa o consumo de gás, faxina quinzenal e consumo de energia da área comum e conta também com câmeras de monitoramento 24h sem acesso remoto.  O imóvel oferece também o ponto para internet onde todo o cabeamento já está pronto. Ficando de responsabilidade do locatário a compra do roteador e pagamento do plano que melhor atenderá suas necessidades 10MB - R$ 59,90 // 15MB - R$ 79,90 ou 20MB - R$ 99,90. A solicitação desses planos será também de responsabilidade do locatário e feito junto a empresa Net Vision que permanecerão sempre à disposição diante de qualquer dúvida e/ou problema.  VALORES REFERENTE À INTERNET SUJEITOS A ALTERÇÃO SEM PRÉVIA, AVISO PELA EMPRESA RESPONSÁVEL.",1000.0,,1.3854276880650611
B,484d3f328baba48b8f789ddac04a86d8,JD. Cidade Universitária I,1000.0,0.0,,1,1,0.0,"Imóvel com sala  e cozinha conjugados, sendo a cozinha mobiliada com gabinete, balcão, fogão e geladeira, lavanderia, dormitório com armário, mesa para estudos e ar condicionado, e o banheiro com gabinete e box,  interfone individual.  No aluguel está incluso o consumo de água até 2.500L por pessoa, o consumo de gás, faxina quinzenal e consumo de energia da área comum e conta também com câmeras de monitoramento 24h (sem acesso remoto). O imóvel oferece também o ponto para internet, onde todo o cabeamento já está pronto. Ficando de responsabilidade do locatário a compra do roteador e pagamento do plano que melhor atenderá suas necessidades (10MB - R$ 59,90 // 15MB - 79,90 ou 20MB - R$ 99,90). A solicitação desses planos será também de responsabilidade do locatário e feito junto a empresa Net Vision, que permanecerão sempre à disposição diante de qualquer dúvida e/ou problema.  *** VALORES REFERENTE À INTERNET SUJEITOS A ALTERÇÃO, SEM PREVIO AVISO, PELA EMPRESA RESPONSÁVEL.***",1000.0,,1.3854276880650611
B,8dae04e0c3ca32298ab313770631283a,JD. Cidade Universitária I,1000.0,0.0,,1,1,0.0,"Imóvel muito bem localizado. Conta com sala e cozinha conjugados, sendo a cozinha já mobiliada com gabinete, balcão, fogão e geladeira, lavanderia, dormitório com armário, mesa para estudos e ar condicionado e o banheiro com gabinete e box blindex, além de interfone individual. No aluguel está incluso o consumo de água até 2.500L por pessoa, o consumo de gás, faxina quinzenal e consumo de energia da área comum, conta também com câmeras de monitoramento 24h sem acesso remoto.",1000.0,,1.3854276880650611
B,76593fa9601827b4b1e32e91e2076188,JD. Cidade Universitária I,1000.0,0.0,,1,1,0.0,Imóvel muito bem localizado. Conta com sala  e cozinha conjugados sendo a cozinha já mobiliada com gabinete balcão fogão e geladeira lavanderia dormitório com armário mesa para estudos e ar condicionado e o banheiro com gabinete e box blindex além de interfone individual. No aluguel está incluso o consumo de água até 2.500L por pessoa o consumo de gás faxina quinzenal e consumo de energia da área comum e conta também com câmeras de monitoramento 24h sem acesso remoto.  O imóvel oferece também o ponto para internet onde todo o cabeamento já está pronto. Ficando de responsabilidade do locatário a compra do roteador e pagamento do plano que melhor atenderá suas necessidades 10MB - R 5990 // 15MB - 7990 ou 20MB - R 9990. A solicitação desses planos será também de responsabilidade do locatário e feito junto a empresa Net Vision que permanecerão sempre à disposição diante de qualquer dúvida e/ou problema.  VALORES REFERENTE À INTERNET SUJEITOS A ALTERÇÃO SEM PREVIO AVISO PELA EMPRESA RESPONSÁVEL.,1000.0,,1.3854276880650611
B,a456b8d60d7dc682c054f6eebc5c5274,JD. Cidade Universitária I,1000.0,0.0,,1,1,0.0,Imóvel muito bem localizado! Conta com sala e cozinha conjugados sendo a cozinha já mobiliada com gabinete balcão fogão e geladeira área de serviço dormitório com armário mesa para estudos e ar condicionado e o banheiro com gabinete e box de vidro além de interfone individual. No aluguel está incluso o consumo de água até 2.500L por pessoa o consumo de gás faxina quinzenal e consumo de energia da área comum e conta também com câmeras de monitoramento 24h sem acesso remoto.  O imóvel oferece também o ponto para internet onde todo o cabeamento já está pronto. Ficando de responsabilidade do locatário a compra do roteador e pagamento do plano que melhor atenderá suas necessidades 10MB - R 5990 // 15MB - 7990 ou 20MB - R 9990. A solicitação desses planos será também de responsabilidade do locatário e feito junto a empresa Net Vision que permanecerão sempre à disposição diante de qualquer dúvida e/ou problema.  VALORES REFERENTE À INTERNET SUJEITOS A ALTERÇÃO SEM PREVIO AVISO PELA EMPRESA RESPONSÁVEL.,1000.0,,1.3854276880650611
B,facc793b46ad4ca374ce1fd9b573d59e,JD. Cidade Universitária I,1000.0,0.0,,1,1,0.0,"Imóvel muito bem localizado! Conta com sala e cozinha conjugados, sendo a cozinha já mobiliada com gabinete, balcão, fogão e geladeira, área de serviço, dormitório com armário, mesa para estudos e ar condicionado, e o banheiro com gabinete e box de vidro, além de interfone individual. No aluguel está incluso o consumo de água até 2.500L por pessoa, o consumo de gás, faxina quinzenal e consumo de energia da área comum e conta também com câmeras de monitoramento 24h (sem acesso remoto).  O imóvel oferece também o ponto para internet, onde todo o cabeamento já está pronto. Ficando de responsabilidade do locatário a compra do roteador e pagamento do plano que melhor atenderá suas necessidades (10MB - R$ 59,90 // 15MB - 79,90 ou 20MB - R$ 99,90). A solicitação desses planos será também de responsabilidade do locatário e feito junto a empresa Net Vision, que permanecerão sempre à disposição diante de qualquer dúvida e/ou problema. . VALORES REFERENTE À INTERNET SUJEITOS A ALTERÇÃO, SEM PREVIO AVISO, PELA EMPRESA RESPONSÁVEL",1000.0,,1.3854276880650611
B,f35ab38d7e2c5a4b5e0a009ccc32d452,JD. Cidade Universitária I,1000.0,0.0,,1,1,0.0,Imóvel novo 1 locação próximo à Unicamp e também com entrada pela Av Libertino Pizani 177. Conta com sala  e cozinha conjugados sendo a cozinha já mobiliada com gabinete balcão fogão e geladeira lavanderia dormitório com armário mesa para estudos e ar condicionado e o banheiro com gabinete e box blindex além de interfone individual. No aluguel está incluso o consumo de água até 2.500L por pessoa o consumo de gás faxina quinzenal e consumo de energia da área comum e conta também com câmeras de monitoramento 24h sem acesso remoto. O imóvel oferece também o ponto para internet onde todo o cabeamento já está pronto. Ficando de responsabilidade do locatário a compra do roteador e pagamento do plano que melhor atenderá suas necessidades 10MB - R 5990 // 15MB - 7990 ou 20MB - R 9990. A solicitação desses planos será também de responsabilidade do locatário e feito junto a empresa Net Vision que permanecerão sempre à disposição diante de qualquer dúvida e/ou problema.  VALORES REFERENTE À INTERNET SUJEITOS A ALTERÇÃO SEM PREVIO AVISO PELA EMPRESA RESPONSÁVEL.,1000.0,,1.3854276880650611
B,c42857333ce48605664427a5dbb10ad3,JD. Cidade Universitária I,1000.0,0.0,,1,1,0.0,"Imóvel muito bem localizado. Conta com sala e cozinha conjugados sendo a cozinha já mobiliada com gabinete, balcão, fogão e geladeira, lavanderia, dormitório com armário, mesa para estudos e ar condicionado, banheiro com gabinete e box blindex, interfone individual. No aluguel está incluso o consumo de água até 2.500L por pessoa o consumo de gás, faxina quinzenal e consumo de energia da área comum e conta também com câmeras de monitoramento 24h sem acesso remoto.  O imóvel oferece também o ponto para internet onde todo o cabeamento já está pronto. Ficando de responsabilidade do locatário a compra do roteador e pagamento do plano que melhor atenderá suas necessidades 10MB - R$ 59,90 // 15MB - R$ 79,90 ou 20MB - R$ 99,90. A solicitação desses planos será também de responsabilidade do locatário e feito junto a empresa Net Vision que permanecerão sempre à disposição diante de qualquer dúvida e/ou problema.  VALORES REFERENTE À INTERNET SUJEITOS A ALTERÇÃO SEM PRÉVIA,  AVISO PELA EMPRESA RESPONSÁVEL.",1000.0,,1.3854276880650611
B,0bec22f95dda4bc6548e30e004f81d89,JD. Cidade Universitária I,1000.0,0.0,,1,1,0.0,"Imóvel muito bem localizado! Conta com sala  e cozinha conjugados, sendo a cozinha já mobiliada com gabinete, balcão, fogão e geladeira, lavanderia, dormitório com armário, mesa para estudos e ar condicionado, e o banheiro com gabinete e box blindex, além de interfone individual. No aluguel está incluso o consumo de água até 2.500L por pessoa, o consumo de gás, faxina quinzenal e consumo de energia da área comum e conta também com câmeras de monitoramento 24h (sem acesso remoto).  O imóvel oferece também o ponto para internet, onde todo o cabeamento já está pronto. Ficando de responsabilidade do locatário a compra do roteador e pagamento do plano que melhor atenderá suas necessidades (10MB - R$ 59,90 // 15MB - 79,90 ou 20MB - R$ 99,90). A solicitação desses planos será também de responsabilidade do locatário e feito junto a empresa Net Vision, que permanecerão sempre à disposição diante de qualquer dúvida e/ou problema.  VALORES REFERENTE À INTERNET SUJEITOS A ALTERÇÃO, SEM PREVIO AVISO, PELA EMPRESA RESPONSÁVEL.",1000.0,,1.3854276880650611
B,475644c10a484e1b4248c595e8b15d78,JD. Cidade Universitária I,1000.0,0.0,,1,1,0.0,"Imóvel muito bem localizado! Conta com sala  e cozinha conjugados, sendo a cozinha já mobiliada com gabinete, balcão, fogão e geladeira, lavanderia, dormitório com armário, mesa para estudos e ar condicionado, e o banheiro com gabinete e box blindex, além de interfone individual. No aluguel está incluso o consumo de água até 2.500L por pessoa, o consumo de gás, faxina quinzenal e consumo de energia da área comum e conta também com câmeras de monitoramento 24h (sem acesso remoto).  O imóvel oferece também o ponto para internet, onde todo o cabeamento já está pronto. Ficando de responsabilidade do locatário a compra do roteador e pagamento do plano que melhor atenderá suas necessidades (10MB - R$ 59,90 // 15MB - 79,90 ou 20MB - R$ 99,90). A solicitação desses planos será também de responsabilidade do locatário e feito junto a empresa Net Vision, que permanecerão sempre à disposição diante de qualquer dúvida e/ou problema.  *** VALORES REFERENTE À INTERNET SUJEITOS A ALTERÇÃO, SEM PREVIO AVISO, PELA EMPRESA RESPONSÁVEL.***",1000.0,,1.3854276880650611
B,941707c7ec03960821a488b2754bd59a,JD. Cidade Universitária I,1000.0,0.0,,1,1,0.0,Imóvel muito bem localizado Conta com sala  e cozinha conjugados sendo a cozinha já mobiliada com gabinete balcão fogão e geladeira lavanderia dormitório com armário mesa para estudos e ar condicionado e o banheiro com gabinete e box blindex além de interfone individual. No aluguel está incluso o consumo de água até 2.500L por pessoa o consumo de gás faxina quinzenal e consumo de energia da área comum e conta também com câmeras de monitoramento 24h sem acesso remoto.  O imóvel oferece também o ponto para internet onde todo o cabeamento já está pronto. Ficando de responsabilidade do locatário a compra do roteador e pagamento do plano que melhor atenderá suas necessidades 10MB - R 5990 // 15MB - 7990 ou 20MB - R 9990. A solicitação desses planos será também de responsabilidade do locatário e feito junto a empresa Net Vision que permanecerão sempre à disposição diante de qualquer dúvida e/ou problema.  VALORES REFERENTE À INTERNET SUJEITOS A ALTERÇÃO SEM PREVIO AVISO PELA EMPRESA RESPONSÁVEL.,1000.0,,1.3854276880650611
B,39b7f0923fd82bb666ecc1a168848a28,JD. Cidade Universitária I,1000.0,0.0,,1,1,0.0,"Imóvel próximo à Unicamp e também com entrada pela Av Libertino Pizani, 177. Conta com sala  e cozinha conjugados, sendo a cozinha já mobiliada com gabinete, balcão, fogão e geladeira, lavanderia, dormitório com armário, mesa para estudos e ar condicionado, e o banheiro com gabinete e box blindex, além de interfone individual. No aluguel está incluso o consumo de água até 2.500L por pessoa, o consumo de gás, faxina quinzenal e consumo de energia da área comum e conta também com câmeras de monitoramento 24h (sem acesso remoto). O imóvel oferece também o ponto para internet, onde todo o cabeamento já está pronto. Ficando de responsabilidade do locatário a compra do roteador e pagamento do plano que melhor atenderá suas necessidades",1000.0,,1.3854276880650611
B,8a4aa098922c72013ace92f92de73cc9,JD. Cidade Universitária I,1000.0,0.0,,1,1,0.0,"Imóvel novo, 1º locação, em frente à portaria principal da Unicamp. Conta com sala  e cozinha conjugados, sendo a cozinha já mobiliada com gabinete, balcão, fogão e geladeira, lavanderia, dormitório com armário, mesa para estudos e ar condicionado, e o banheiro com gabinete e box blindex, além de interfone individual. No aluguel está incluso o consumo de água até 2.500L por pessoa, o consumo de gás, faxina quinzenal e consumo de energia da área comum e conta também com câmeras de monitoramento 24h (sem acesso remoto). O imóvel oferece também o ponto para internet, onde todo o cabeamento já está pronto. Ficando de responsabilidade do locatário a compra do roteador e pagamento do plano que melhor atenderá suas necessidades (10MB - R$ 59,90 // 15MB - 79,90 ou 20MB - R$ 99,90). A solicitação desses planos será também de responsabilidade do locatário e feito junto a empresa Net Vision, que permanecerão sempre à disposição diante de qualquer dúvida e/ou problema.  *** VALORES REFERENTE À INTERNET SUJEITOS A ALTERÇÃO, SEM PREVIO AVISO, PELA EMPRESA RESPONSÁVEL.***",1000.0,,1.3854276880650611
B,568d1b833c4816a90df87ba89831f0ef,JD. Paulista,900.0,0.0,,1,1,0.0,Imóvel totalmente reformado para atender especialmente as necessidades dos estudantes e isento de condomínio área de lazer com piscina e churrasqueira faxina da área comum e limpeza de piscina duas vezes por semana. É mobiliado com uma beliche geladeira microondas guarda-roupas e ventilador de teto. Está incluso no aluguel o consumo de água energia e internet.,900.0,,0.4476004851487637
B,873507a6a50bde15b658b1550f729dc1,JD. Paulista,900.0,0.0,,1,1,0.0,Imóvel totalmente reformado para atender especialmente as necessidades dos estudantes e isento de condomínio área de lazer com piscina e churrasqueira faxina da área comum e limpeza de piscina duas vezes por semana. É mobiliado com uma beliche geladeira microondas guarda-roupas e ventilador de teto. Está incluso no aluguel o consumo de água energia e internet.,900.0,,0.4476004851487637
B,d81e604fe471f170cc3cc19ee73c20dc,JD. Paulista,900.0,0.0,,1,1,0.0,Imóvel totalmente reformado para atender especialmente as necessidades dos estudantes e isento de condomínio área de lazer com piscina e churrasqueira faxina da área comum e limpeza de piscina duas vezes por semana. É mobiliado com uma beliche geladeira microondas guarda-roupas e ventilador de teto. Está incluso no aluguel o consumo de água energia e internet.,900.0,,0.4476004851487637
B,2ca1576c1451e643b68e997da302e8ef,JD. Paulista,900.0,0.0,,1,1,0.0,Imóvel totalmente reformado para atender especialmente as necessidades dos estudantes e isento de condomínio Área de lazer com piscina e churrasqueira faxina da área comum e limpeza de piscina duas vezes por semana. É mobiliado com uma beliche geladeira microondas guarda-roupas e ventilador de teto. Está incluso no aluguel o consumo de água energia e internet.,900.0,,0.4476004851487637
B,60951c21f4b10552f419d83e4b3f8b73,JD. Paulista,900.0,0.0,,1,1,0.0,"Imóvel totalmente reformado para atender especialmente as necessidades dos estudantes e isento de condomínio, área de lazer com piscina e churrasqueira faxina da área comum e limpeza de piscina duas vezes por semana. É mobiliado com uma beliche geladeira microondas guarda-roupas e ventilador de teto. Está incluso no aluguel o consumo de água energia e internet.",900.0,,0.4476004851487637
B,92185e65b34f2224e2148eca1b18dbb9,JD. Paulista,900.0,0.0,,1,1,0.0,Kitnet com 01 dormitório e 01 suíte.,900.0,,0.4476004851487637
B,d1f942def322fc204b6be20838e7d044,JD. Cidade Universitária I,850.0,0.0,,1,1,0.0,Kitnet localizada na Cidade Universitária próximo a Unicamp.,850.0,,1.3854276880650611
B,97bcff626e416e4682240b08bfe240e9,JD. Cidade Universitária I,850.0,0.0,,1,1,0.0,"Kitnet no bairro Universitário, próximo a Unicamp.",850.0,,1.3854276880650611
B,3efb8f5900d5b5dff557d6857681338a,JD. Cidade Universitária I,850.0,0.0,,1,1,0.0,Kitnet localizada na Cidade Universitária próximo a Unicamp.,850.0,,1.3854276880650611
B,c3ff9f70c3bdd79c59d6a641c3d2eabc,JD. Cidade Universitária I,850.0,0.0,,1,1,0.0,Kitnet localizada na Cidade Universitária próximo a Unicamp.,850.0,,1.3854276880650611
B,ccbc8c34f1aafff2ded08a18d8826c6f,JD. Cidade Universitária I,800.0,0.0,250.0,1,1,0.0,"Ótimo apartamento na Cidade Universitária com um dormitório com armários, banheiro social com gabinete e box de blindex, sala, cozinha com armários, geladeira, microondas, cooktop e área de serviço comum.  O locatário ficará isento do consumo de água até 10 m³ mensal e faxina semanal na área comum.",800.0,3.2,1.3854276880650611
B,decee23146cd497fccdaa119dd7f51b8,JD. Cidade Universitária I,800.0,0.0,,1,1,0.0,"Ótimo apartamento na Cidade Universitária com um dormitório com armários, banheiro social com gabinete e box, sala, cozinha com armários, geladeira, microondas, cooktop e área de serviço comum.  O locatário ficará isento do consumo de água (até 10 m³ mensal) e faxina semanal na área comum.",800.0,,1.3854276880650611
B,c18e0e8dc2d9c9e19e50d86b8903cfa7,JD. Cidade Universitária I,800.0,0.0,,1,1,0.0,Ótimo apartamento na Cidade Universitária com um dormitório com armários banheiro social com gabinete e box de blindex cozinha com armários geladeira microondas cooktop e área de serviço comum. Uma vaga de garagem.  O locatário ficará isento do consumo de água até 10 m³ mensal e faxina semanal na área comum.,800.0,,1.3854276880650611
B,4ea828c758c2c3ad996f717c4ea91ed5,JD. Cidade Universitária I,780.0,0.0,50.0,1,1,0.0,"Kitnet com cozinha e sala conjugadas, um dormitório e banheiro.",780.0,15.6,1.3854276880650611
B,907f7fdcc12a82eadaec78ffa35e4708,JD. São Paulo,780.0,0.0,50.0,1,1,0.0,"Kitnet com 01 dormitório, 01 banheiro.",780.0,15.6,
B,6cb940ae9001fba36d6b120bca0fa2c1,JD. Morro Azul,700.0,0.0,,1,1,0.0,"Quitinete com dormitório e cozinha conjugados, banheiro com box de blindex e área de serviço de uso comum. Está incluso no valor do aluguel o consumo de agua e energia.   ***O valor de R$ 700,00 será se a locação for para uma pessoa. Caso seja para duas pessoas, o valor será de R$ 800,00.***",700.0,,0.7507639025607419
B,af6492af6c80fea75bafc9c5d3464970,JD. Cidade Universitária I,700.0,0.0,,1,1,0.0,"Apto com micro-ondas geladeira e fogão elétrico, banheiro com box, cozinha com gabinete, sala e quarto conjugados, cerca elétrica, interfone, ponto para internet.",700.0,,1.3854276880650611
B,07f6384f6c2c7d702650281e7a51f958,JD. Morro Azul,700.0,0.0,,1,1,0.0,"Kitnet com área de serviço, 1 dormitório, 1 cozinha e 1 banheiro.",700.0,,0.7507639025607419
B,39a6db2728600ac4a1ef144ab6635476,JD. Morro Azul,500.0,0.0,,1,1,0.0,"Kitnet com 1 dormitório, 1 cozinha e 1 banheiro, nos fundos do imóvel.",500.0,,0.7507639025607419
A,c5a84c8eb6b4f9c7389fd32afa1e5357,JD. Cidade Universitária I,780.0,0.0,20.0,1,1,0.0,"KITNET COM CAMA, ARMÁRIOS, ESCRIVANINHA,COZINHA COM GELADEIRA, FOGÃO ELÉTRICO, MICROONDAS,ÁREA DE SERVIÇO COMUNITÁRIA.INCLUSO NO CONDOMINIO AGUA E ENERGIA.",780.0,39.0,1.3854276880650611
A,9b5801ddc55b2411554d6fb109229460,JD. Cidade Universitária I,800.0,0.0,20.0,1,1,0.0,"COZINHA COM GELADEIRA COM DISPENSER NA PORTA, MICROONDAS, FOGÃO COOKTOP, SALA COM MESA PARA ESTUDO, AR CONDICIONADO, QUARTO COM CAMA BOX, GUARDA ROUPA EMBUTIDO.GARAGEM ROTATIVA.VALOR JÁ INCLUSO O CONDOMÍNIO: ÁGUA E LIMPEZA EXTERNA.*ENERGIA A PARTE.*OJETOS DECORATIVOS NÃO FAZEM PARTE DA LOCAÇÃO.",800.0,40.0,1.3854276880650611
A,f773fe72ae9c3ae06183ea91d181347a,JD. Cidade Universitária I,800.0,80.0,20.0,1,1,0.0,"COZINHA COM GELADEIRA COM DISPENSER NA PORTA, MICROONDAS, FOGÃO COOKTOP, SALA COM MESA PARA ESTUDO, AR CONDICIONADO, QUARTO COM CAMABOX, GUARDA ROUPA EMBUTIDO.ESPAÇO DE LAZER.GARAGEM ROTATIVA.INCLUSO NO CONDOMÍNIO: ÁGUA, LIMPEZA EXTERNA E VIGILANTE NOTURNO.ENERGIA A PARTE.",880.0,44.0,1.3854276880650611
A,350e21033122ce335fd0fd5f0031179d,JD. Cidade Universitária I,800.0,0.0,20.0,1,1,1.0,"COZINHA COM GELADEIRA COM DISPENSER NA PORTA, MICROONDAS, FOGÃO COOKTOP, SALA COM MESA PARA ESTUDO, AR CONDICIONADO, QUARTO COM CAMABOX, GUARDA ROUPA EMBUTIDO..GARAGEM ROTATIVA.INCLUSO NO CONDOMÍNIO: ÁGUA E LIMPEZA EXTERNA.ENERGIA A PARTE.",800.0,40.0,1.3854276880650611
A,13a10985cb92f1112ce6894b29a575e7,Chácara Antonieta,850.0,0.0,30.0,1,1,0.0,"CAMA,  GUARDA-ROUPA, GELADEIRA, BANCADA, TANQUE, VENTILADOR DE TETO.INCLUSO NO CONDOMINIO: AGUA, ENERGIA, LIMPEZA EXTERNA, INTERNET.1 VAGA DE GARAGEM.",850.0,28.333333333333332,1.5023394363777396
A,a92a6e35acca298c33b9d2c83bde3505,Chácara Antonieta,850.0,0.0,30.0,1,1,1.0,"CAMA,  GUARDA-ROUPA, GELADEIRA, BANCADA, TANQUE, VENTILADOR DE TETO.INCLUSO NO CONDOMINIO: AGUA, ENERGIA, LIMPEZA EXTERNA, INTERNET.1 VAGA DE GARAGEM.",850.0,28.333333333333332,1.5023394363777396
A,4b4adce0a87af0846fda6bdbe38d670a,JD. Cidade Universitária I,950.0,0.0,,1,1,0.0,"KITNET CONTENDO FOGÃO, GELADEIRA, ARMÁRIO EMBUTIDO NA COZINHA E DORMITÓRIO,PAINEL NA SALA E VENTILADOR NO TETO.01 VAGA DE GARAGEM POR APARTAMENTO, PORTÃO AUTOMÁTICO, ELEVADOR E CERCA ELÉTRICA.AGUA E CONDOMÍNIO JÁ INCLUSO NO VALOR DO ALUGUEL.ENERGIA É A PARTE.",950.0,,1.3854276880650611
A,57c6964ba64836c81a7a7a782a4d0eb1,JD. Cidade Universitária I,1000.0,0.0,,1,1,0.0,1 QUARTO COM ARMÁRIO E AR CONDICIONADO;1 SALA CONJUGADA;1 COZINHA CONJUGADA COM FOGÃO COOKTOP E GELADEIRA;1 BANHEIRO.AGUA E CONDOMINIO JÁ INCLUSO NO VALOR DO ALUGUEL.ENERGIA É A PARTE.*NÃO TEM VAGA DE GARAGEM.,1000.0,,1.3854276880650611
A,4cc0e019beccf19b1e1182b9e896f089,JD. Cidade Universitária I,1000.0,0.0,,1,1,0.0,1 QUARTO COM ARMÁRIO E AR CONDICIONADO;1 SALA CONJUGADA;1 COZINHA CONJUGADA COM FOGÃO COOKTOP E GELADEIRA;1 BANHEIRO.AGUA E CONDOMINIO JÁ INCLUSO NO VALOR DO ALUGUEL.ENERGIA É A PARTE.*NÃO TEM VAGA DE GARAGEM.,1000.0,,1.3854276880650611
